Step,Agent0_Action,Agent0_Reasoning,Agent1_Action,Agent1_Reasoning,Agent2_Action,Agent2_Reasoning,Observations,Rewards,Dones
0,Move North,"*   Role: Warrior.
    *   Position: (24, 24).
    *   Teammates: Agent 1 (Forager) at (25, 24), Agent 2 (Miner) at (24, 25).
    *   Goal: Gather resources, craft gear, descend levels.
    *   Current state: No inventory, level is ""cleared"" (meaning ladder down is available, but we need gear first).

    *   Stone: (29, 24) - 5 steps east.
    *   Tree: (22, 23) - 1N, 2W.
    *   Construction site: (24, 22) - 2N (Requires 3 agents sync).
    *   Iron: (29, 27) - 3S, 5E.
    *   Other coordination sites:
        *   Tree (26, 23) - Handover.
        *   Construction site (23, 28) - Handover.
        *   Stone (20, 21) - 3 agents bonus.
        *   Construction site (29, 21) - 2 agents bonus.

    *   We need wood first to make a table and tools.
    *   There's a tree at (22, 23).
    *   There's a tree at (26, 23) (Handover).
    *   Since I'm the Warrior, I should focus on combat/enchanting, but early game requires everyone to gather.
    *   Agent 1 (Forager) is best at collecting water/saplings/food.
    *   Agent 2 (Miner) is best at mining/torches/stone.
    *   I (Warrior) am best at swords/arrows.

    *   Let's gather wood. The tree at (22, 23) is close.
    *   Wait, the level is ""cleared"". This means we can descend immediately. However, descending without any gear is suicide. We should at least get basic tools.
    *   Plan:
        1.  Gather wood.
        2.  Place table.
        3.  Craft wood pickaxe/sword.
        4.  Gather stone/coal.
        5.  Place furnace.
        6.  Craft iron gear.

    *   Tree at (22, 23) is 1N, 2W.
    *   Tree at (26, 23) is 1N, 2E (from my current pos (24, 24)). Wait, the observation says ""tree 1 step north and 2 steps west (x=22, y=23)"" and ""tree 1 step north and 2 steps east (x=26, y=23)"".
    *   Let's go for the tree at (22, 23).

    *   Move North to (24, 23).
    *   Then Move West to (23, 23).
    *   Then Move West to (22, 23).
    *   Then Do.

    *   Tell Agent 1 and Agent 2 to gather wood as well.
    *   Agent 1 (Forager) can go for the tree at (26, 23) or (22, 23).
    *   Agent 2 (Miner) can go for the tree at (22, 23) or (26, 23).

    *   Wait, the tree at (26, 23) is a handover task. That's a good way to get achievements.
    *   Let's coordinate:
        *   I'll go to (22, 23).
        *   Agent 1 can go to (26, 23).
        *   Agent 2 can go to (26, 23) to help with the handover.

    *   Actually, let's keep it simple for the first few turns.
    *   I'll move North.

    *   Action: Move North.
    *   Communication: ""Let's gather wood first. I'm heading to the tree at (22, 23). Agent 1 and 2, please gather wood too. Maybe try the handover tree at (26, 23)?""
    *   Scratchpad: Starting wood gathering. Target tree at (22, 23).

    *   Wait, I am at (24, 24). Tree is at (22, 23).
    *   Move North -> (24, 23).
    *   Move West -> (23, 23).
    *   Move West -> (22, 23).
    *   Do.

    *   Let's check the other tree (26, 23).
    *   Move North -> (24, 23).
    *   Move East -> (25, 23).
    *   Move East -> (26, 23).
    *   Do.

    *   Since I'm the warrior, I don't have a specialty for wood, but everyone can chop trees.
    *   Let's go for the tree at (22, 23).

    *   Wait, the level is ""cleared"". If we just want to descend, we can. But the prompt says ""Maximize the number of achievements while staying alive."" Gathering resources and crafting is essential for survival in deeper levels.

    *   Let's refine the communication.
    *   ""I'm going for wood at (22, 23). Agent 1 and 2, let's get wood and stone. Agent 2, you're the miner, focus on stone once we have a wood pickaxe.""

    *   Action: Move North.",Move North,"*   Role: Forager.
    *   Position: (25, 24).
    *   Teammates: Agent 0 (Warrior) at (24, 24), Agent 2 (Miner) at (24, 25).
    *   Goal: Gather resources, craft gear, descend.
    *   Immediate surroundings:
        *   Tree at (26, 23) - Handover (1 agent starts, 1 finishes).
        *   Tree at (25, 21) - Sync (3 agents).
        *   Stone at (29, 24) - Solo/Standard.
        *   Iron at (29, 27) - Solo/Standard.
        *   Coal at (30, 24) - Solo/Standard.
        *   Construction sites nearby.

    *   Need wood first to make a table and pickaxe.
    *   There's a tree at (26, 23) that requires handover.
    *   There's a tree at (25, 21) that requires 3 agents.
    *   Since I'm the forager, I should focus on gathering wood/food/drink.
    *   The tree at (26, 23) is closer. Let's try to coordinate with teammates to get wood.

    *   Tree (26, 23) is 1N, 1E.
    *   Tree (25, 21) is 3N.
    *   Agent 0 is at (24, 24).
    *   Agent 2 is at (24, 25).

    *   Let's aim for the tree at (26, 23) first as it's closer and only needs 2 agents.
    *   Wait, the tree at (25, 21) needs 3 agents. If we all go there, we get wood faster/more efficiently? The rules say ""requires 3 agents to select Do simultaneously (fails alone)"". This is a hard requirement.
    *   The tree at (26, 23) is a handover.

    *   Let's suggest going for the 3-agent tree at (25, 21) since we are all together.
    *   My position: (25, 24). Tree: (25, 21). Distance: 3 North.
    *   Agent 0: (24, 24). Tree: (25, 21). Distance: 1 East, 3 North.
    *   Agent 2: (24, 25). Tree: (25, 21). Distance: 1 East, 4 North.

    *   Wait, let's check the 2-agent tree (26, 23).
    *   My position: (25, 24). Tree: (26, 23). Distance: 1 North, 1 East.
    *   Agent 0: (24, 24). Tree: (26, 23). Distance: 2 East, 1 North.
    *   Agent 2: (24, 25). Tree: (26, 23). Distance: 2 East, 2 North.

    *   Let's go for the 3-agent tree at (25, 21) to ensure we get wood and potentially an achievement.
    *   Wait, the prompt says ""Level: cleared — you can find the ladder down tile and use Descend to go deeper."" This is strange for Step 0. Maybe it means the monsters are gone? Or maybe I should just gather resources first.

    *   Let's move North towards the tree at (25, 21).

    *   Action: Move North.
    *   Communication: ""Let's all gather at the tree at (25, 21) and use Do together to get wood.""
    *   Scratchpad: Moving to (25, 21) for 3-agent sync wood gathering.

    *   Wait, let me re-read the coordination for (26, 23): ""one agent begins the task, then another completes it within 16 steps.""
    *   And (25, 21): ""requires 3 agents to select Do simultaneously (fails alone).""
    *   The 3-agent one is a guaranteed way to get wood if we coordinate.

    *   Let's double check the positions.
    *   Me: (25, 24)
    *   Agent 0: (24, 24)
    *   Agent 2: (24, 25)
    *   Tree: (25, 21)
    *   To get to (25, 21), I need to move North 3 times.
    *   Agent 0 needs to move East 1, North 3.
    *   Agent 2 needs to move East 1, North 4.

    *   Let's start moving.

    *   Wait, I should check if there are any other immediate needs. No, we have no tools. Wood is priority.

    *   Action: Move North.
    *   Communication: ""Everyone, let's sync on the tree at (25, 21). Move there and Do together.""
    *   Scratchpad: Target: Tree at (25, 21) for 3-agent sync.

    *   Wait, I'm at (25, 24). Tree is at (25, 21).
    *   Move North -> (25, 23).
    *   Move North -> (25, 22).
    *   Move North -> (25, 21).
    *   Wait, the tree is *at* (25, 21). To use Do, I must be *adjacent* to it and *facing* it.
    *   If I am at (25, 22) and face North, I target (25, 21).
    *   So I need to move North twice to reach (25, 22).

    *   Let's refine the communication.
    *   ""Let's sync on the tree at (25, 21). I'll be at (25, 22) facing North. Agent 0, try (24, 21) facing East. Agent 2, try (26, 21) facing West."" (Or any combination of adjacent tiles).

    *   Actually, let's just start moving and keep it simple.

    *   Action: Move North.
    *   Communication: ""Let's all gather at the tree at (25, 21) and sync Do. I'm heading there now.""
    *   Scratchpad: Heading to (25, 22) to face the tree at (25, 21).

    *   Wait, let me check the ""Level: cleared"" part again. If the level is cleared, maybe we should just find the ladder? But we have no gear. It's better to gear up.

    *   Let's go.",Move West,"*   Role: Miner.
    *   Position: (24, 25).
    *   Teammates: Agent 0 (Warrior) at (24, 24), Agent 1 (Forager) at (25, 24).
    *   Goal: Gather resources, craft gear, descend.
    *   Immediate surroundings:
        *   Tree: 2 steps west (22, 25).
        *   Stone: 5 steps east (29, 25).
        *   Construction site: 3 steps north (24, 22).
        *   Iron: 2 steps south, 5 steps east (29, 27).
    *   Coordination opportunities:
        *   Construction site (24, 22): 3 agents sync Build.
        *   Tree (26, 23): Handover.
        *   Construction site (23, 28): Handover.
        *   Stone (20, 21): 3 agents sync Do.
        *   Construction site (29, 21): 2 agents sync Build.

    *   I have no tools. I need wood first to make a wood pickaxe.
    *   The closest tree is 2 steps west (22, 25).
    *   Wait, there's a tree at (26, 23) that requires handover.
    *   Let's check the closest resource. Tree at (22, 25) is 2 steps away.
    *   I am a miner, so I specialize in pickaxes and torches.
    *   The team needs wood to start. Agent 1 (Forager) is best at collecting wood/saplings/water.

    *   I should move towards a resource. Since I'm a miner, I'll eventually need to mine stone and iron.
    *   However, I can't mine without a pickaxe.
    *   I need wood first.
    *   Let's move west towards the tree at (22, 25).

    *   Agent 0 (Warrior) and Agent 1 (Forager) are nearby.
    *   I should tell them to gather wood.
    *   Agent 1 (Forager) should prioritize wood/saplings.
    *   Agent 0 (Warrior) can help.

    *   Action: Move West.
    *   Communication: ""I'm heading to the tree at (22, 25). Agent 1, please gather wood and saplings. Agent 0, let's get resources for a table and pickaxe.""
    *   Scratchpad: Starting at (24, 25). Moving west to tree at (22, 25). Need wood for wood pickaxe.

    *   Wait, the observation says ""Level: cleared — you can find the ladder down tile and use Descend to go deeper.""
    *   If the level is already cleared, maybe we should just find the ladder?
    *   But we have no gear. It's usually better to gear up before descending.
    *   Let's check if there are any other immediate priorities.
    *   The construction site at (24, 22) requires 3 agents. We are all here. But we need materials (10 wood + 5 stone for shelter, etc.). We have nothing.
    *   So, gathering resources is the priority.

    *   Move West (towards tree at 22, 25).
    *   Communicate the plan.","['Last action: Move North\nReward: +0.000\n\nStep: 1/10000 (9999 remaining, ends early if all agents die)\nPosition: (x=24, y=23)\nRole: warrior\nLocation: Overworld (surface)\nAchievements: 0/93 (39 unlock later)\n\nLevel info:\n- Light: bright (0.81)\n- Level: cleared — you can find the ladder down tile and use Descend to go deeper.\n\nYou see:\n- stone 4 steps north (x=24, y=19)\n- coal 4 steps north and 4 steps west (x=20, y=19)\n- tree 2 steps west (x=22, y=23)\n- construction_site 1 step north (x=24, y=22)\n- iron 4 steps south and 5 steps east (x=29, y=27)\n\nFacing: north.\n Do target: construction_site (x=24, y=22).\n\nCoordination:\n- construction_site 1 step north (x=24, y=22): requires 3 agents to use a Build action simultaneously (fails alone). You are on the south side, adjacent (facing target).\n- tree 2 steps east (x=26, y=23): one agent begins the task, then another completes it within 16 steps. You are on the west side, 2 steps away.\n- stone 4 steps north (x=24, y=19): works solo but grants a bonus when 2 agents select Do simultaneously. You are on the south side, 4 steps away.\n- stone 2 steps north and 4 steps west (x=20, y=21): works solo but grants a bonus when 3 agents select Do simultaneously. You are on the south-east side, 6 steps away.\n- coal 4 steps north and 4 steps west (x=20, y=19): one agent begins the task, then another completes it within 10 steps. You are on the south-east side, 8 steps away.\n\nTeammates:\nAgent 1 (forager): 1 step east (x=25, y=23), health=9\nAgent 2 (miner): 2 steps south and 1 step west (x=23, y=25), health=9', 'Last action: Move North\nReward: +0.000\n\nStep: 1/10000 (9999 remaining, ends early if all agents die)\nPosition: (x=25, y=23)\nRole: forager\nLocation: Overworld (surface)\nAchievements: 0/93 (39 unlock later)\n\nLevel info:\n- Light: bright (0.81)\n- Level: cleared — you can find the ladder down tile and use Descend to go deeper.\n\nYou see:\n- coal 1 step south and 5 steps east (x=30, y=24)\n- stone 4 steps east (x=29, y=23)\n- tree 1 step east (x=26, y=23)\n- construction_site 1 step north and 1 step west (x=24, y=22)\n- iron 2 steps north and 5 steps east (x=30, y=21)\n\nFacing: north.\n Do target: grass (x=25, y=22).\n\nCoordination:\n- tree 1 step east (x=26, y=23): one agent begins the task, then another completes it within 16 steps. You are on the west side, adjacent (facing north).\n- tree 2 steps north (x=25, y=21): requires 3 agents to select Do simultaneously (fails alone). You are on the south side, 2 steps away.\n- stone 4 steps north and 1 step west (x=24, y=19): works solo but grants a bonus when 2 agents select Do simultaneously. You are on the south-east side, 5 steps away.\n- stone 2 steps north and 5 steps west (x=20, y=21): works solo but grants a bonus when 3 agents select Do simultaneously. You are on the south-east side, 7 steps away.\n- stone 2 steps south and 5 steps east (x=30, y=25): one agent begins the task, then another completes it within 13 steps. You are on the north-west side, 7 steps away.\n- coal 4 steps north and 5 steps west (x=20, y=19): one agent begins the task, then another completes it within 10 steps. You are on the south-east side, 9 steps away.\n\nTeammates:\nAgent 0 (warrior): 1 step west (x=24, y=23), health=9\nAgent 2 (miner): 2 steps south and 2 steps west (x=23, y=25), health=9', 'Last action: Move West\nReward: +0.000\n\nStep: 1/10000 (9999 remaining, ends early if all agents die)\nPosition: (x=23, y=25)\nRole: miner\nLocation: Overworld (surface)\nAchievements: 0/93 (39 unlock later)\n\nLevel info:\n- Light: bright (0.81)\n- Level: cleared — you can find the ladder down tile and use Descend to go deeper.\n\nYou see:\n- stone 2 steps north and 4 steps west (x=19, y=23)\n- tree 1 step west (x=22, y=25)\n- construction_site 3 steps south (x=23, y=28)\n\nFacing: west.\n Do target: tree (x=22, y=25).\n\nCoordination:\n- construction_site 3 steps south (x=23, y=28): one agent begins with a Build action, then another completes it within 14 steps. You are on the north side, 3 steps away.\n- construction_site 3 steps north and 1 step east (x=24, y=22): requires 3 agents to use a Build action simultaneously (fails alone). You are on the south-west side, 4 steps away.\n- tree 2 steps north and 3 steps east (x=26, y=23): one agent begins the task, then another completes it within 16 steps. You are on the south-west side, 5 steps away.\n- stone 4 steps north and 3 steps west (x=20, y=21): works solo but grants a bonus when 3 agents select Do simultaneously. You are on the south-east side, 7 steps away.\n- stone 2 steps north and 5 steps west (x=18, y=23): requires 2 agents to select Do simultaneously (fails alone). You are on the south-east side, 7 steps away.\n\nTeammates:\nAgent 0 (warrior): 2 steps north and 1 step east (x=24, y=23), health=9\nAgent 1 (forager): 2 steps north and 2 steps east (x=25, y=23), health=9']","[0.0, 0.0, 0.0]","[False, False, False]"
1,Move West,"*   Current Position: (24, 23)
    *   Facing: North
    *   Target: Construction site (24, 22)
    *   Role: Warrior
    *   Inventory: Empty
    *   Teammates:
        *   Agent 1 (Forager): (25, 23)
        *   Agent 2 (Miner): (23, 25)

    *   Agent 1: ""Let's all gather at the tree at (25, 21) and sync Do to get wood. I'm heading there now.""
    *   Agent 2: ""I'm heading to the tree at (22, 25) to get wood. Agent 1, please gather wood and saplings. Agent 0, let's collect materials for a table and pickaxe before we descend.""

    *   Agent 1 wants to go to (25, 21).
    *   Agent 2 is going to (22, 25).
    *   I was planning to go to (22, 23).

    *   Wait, let's look at the observation again.
    *   I see:
        *   Tree at (22, 23) - 2 steps west.
        *   Tree at (26, 23) - 2 steps east (Handover).
    *   Agent 1 mentioned a tree at (25, 21). I don't see it in my current observation.
    *   Agent 2 mentioned a tree at (22, 25). I don't see it in my current observation.

    *   Since I don't see the trees they mentioned, they might be just outside my vision range or they are misidentifying coordinates.
    *   I see a tree at (22, 23) and (26, 23).
    *   I need wood. The tree at (22, 23) is very close.

    *   If I follow Agent 1 to (25, 21), I have to move North and East.
    *   If I follow Agent 2 to (22, 25), I have to move South and West.
    *   If I go to (22, 23), I just move West.

    *   Let's prioritize getting wood quickly. I'll go to the tree at (22, 23).
    *   Wait, Agent 1 is at (25, 23). Agent 2 is at (23, 25).
    *   If I go to (22, 23), I'm moving away from them.
    *   However, we need a lot of wood. Splitting up to gather resources is usually more efficient than syncing on a single tree unless there's a specific coordination bonus.

    *   Let's check the coordination hints:
        *   Tree at (26, 23) is a handover.
        *   Tree at (22, 23) is not mentioned as a coordination site in the ""Coordination"" section, but it is listed in ""You see"".

    *   Wait, the ""Coordination"" section says: ""tree 2 steps east (x=26, y=23): one agent begins the task, then another completes it within 16 steps.""
    *   The tree at (22, 23) is just a regular tree.

    *   Let's go for the tree at (22, 23). It's the closest.

    *   Move West to (23, 23).
    *   Move West to (22, 23).
    *   Do.

    *   I should tell them I'm going to (22, 23) so they don't wait for me at (25, 21).
    *   ""I don't see the tree at (25, 21). I'm going to the tree at (22, 23) to get wood. Let's gather as much as we can and then meet up to place a table.""

    *   Action: Move West.
    *   Communication: ""I don't see the tree at (25, 21). I'm heading to the tree at (22, 23) for wood. Let's gather wood and meet up for a table.""
    *   Scratchpad: Moving to tree at (22, 23). Current pos (24, 23).

    *   Wait, let me double check the coordinates.
    *   I am at (24, 23).
    *   Tree is at (22, 23).
    *   Move West -> (23, 23).
    *   Move West -> (22, 23).
    *   Do.

    *   Is there any reason to go to (26, 23) instead? It's a handover. Handovers give achievements.
    *   But (22, 23) is just as close (2 steps).
    *   Let's stick with (22, 23) for now to get wood fast.

    *   Wait, Agent 1 is at (25, 23). If I move West, I'm moving away from Agent 1.
    *   If I move East, I'm moving towards Agent 1 and the handover tree at (26, 23).
    *   Let's try to coordinate the handover tree at (26, 23) with Agent 1.
    *   Agent 1 is at (25, 23). The tree is at (26, 23).
    *   If I move East to (25, 23), I'll be on the same tile as Agent 1 (which is blocked).
    *   So I can't move East to (25, 23) while Agent 1 is there.

    *   Let's just go to (22, 23).

    *   Action: Move West.
    *   Communication: ""I'm going to the tree at (22, 23) for wood. Agent 1, I don't see the tree at (25, 21). Let's gather wood and meet up.""
    *   Scratchpad: Moving to tree at (22, 23).

    *   Wait, let me check the ""You see"" list again.
    *   - stone 4 steps north (x=24, y=19)
    *   - coal 4 steps north and 4 steps west (x=20, y=19)
    *   - tree 2 steps west (x=22, y=23)
    *   - construction_site 1 step north (x=24, y=22)
    *   - iron 4 steps south and 5 steps east (x=29, y=27)
    *   The tree at (26, 23) is in the ""Coordination"" section but not in the ""You see"" section?
    *   ""tree 2 steps east (x=26, y=23): one agent begins the task, then another completes it within 16 steps.""
    *   Usually, ""You see"" is the primary list. If it's in ""Coordination"" but not ""You see"", it might be because it's a special object.

    *   Let's go West.

    *   Action: Move West.
    *   Communication: ""I'm heading to the tree at (22, 23) for wood. Agent 1, I don't see the tree at (25, 21). Let's gather wood and meet up.""
    *   Scratchpad: Moving to tree at (22, 23). Current pos (24, 23).",Move North,"*   My position: (25, 23).
    *   My goal: Get wood.
    *   Target tree: (25, 21) - requires 3 agents sync.
    *   Agent 0 is at (24, 23). Agent 0 says they are heading to (22, 23).
    *   Agent 2 is at (23, 25). Agent 2 says they are heading to (22, 25).
    *   Wait, Agent 0 and Agent 2 are going to different trees (22, 23 and 22, 25).
    *   The tree at (25, 21) requires 3 agents. If they are going elsewhere, I can't sync there.
    *   Let's look at the tree at (26, 23). It's a handover (2 agents). I am at (25, 23), which is adjacent to it.
    *   Wait, Agent 0 is at (24, 23). Agent 0 is 2 steps away from (26, 23).
    *   If I want to get wood quickly, I should probably follow the team or pick a target.
    *   Agent 0 and Agent 2 are both going west (towards x=22).
    *   Let's check if there are trees at (22, 23) and (22, 25). They aren't in my current observation, but the agents mentioned them.
    *   If I go to (25, 21), I'll be alone.
    *   If I go to (26, 23), I'm already adjacent. I could start the handover.
    *   But the team is moving west. It's better to stay together for safety and coordination.
    *   Let's try to redirect them to the 3-agent tree at (25, 21) or just follow them.
    *   Actually, the 3-agent tree is very close. Let's try to convince them.
    *   Wait, Agent 0 is at (24, 23). I am at (25, 23).
    *   If I move North to (25, 22), I am adjacent to (25, 21).
    *   Let's tell them: ""Wait! There's a 3-agent sync tree at (25, 21). Let's all do that one together for a bonus/efficiency.""
    *   But they already sent their messages.
    *   Let's see: Agent 0 is at (24, 23). Agent 2 is at (23, 25).
    *   If I move North to (25, 22), I'm closer to (25, 21).
    *   Let's try to coordinate the 3-agent tree. It's a better achievement/resource gain.

    *   Wait, let's look at the tree at (26, 23) again. I am at (25, 23). I am adjacent. I can just `Do` it to start the handover.
    *   But I'm facing North. To `Do` (26, 23), I must face East.
    *   If I move East, I'll be at (26, 23), which is the tree itself (blocked).
    *   So I should move East (to face East) then `Do`? No, moving East to a tree is blocked.
    *   To face East, I can move East (blocked) or move to a tile and then face East.
    *   Wait, ""Any move attempt changes your facing to that direction, even if the move is blocked"".
    *   So if I `Move East`, I will stay at (25, 23) and face East. Then I can `Do` the tree at (26, 23).

    *   However, the team is moving West. If I start a handover at (26, 23), who will finish it? Agent 0 and 2 are moving away.
    *   It's better to coordinate.

    *   Let's try to bring them back to (25, 21).
    *   ""Guys, stop! There is a 3-agent sync tree at (25, 21). Let's all gather there and Do it together.""

    *   Let's move North to (25, 22) first to be in position.

    *   Action: Move North.
    *   Communication: ""Wait! Let's all sync on the tree at (25, 21) instead. It requires 3 agents. I'm moving there now.""
    *   Scratchpad: Trying to redirect Agent 0 and 2 to the 3-agent tree at (25, 21). I am moving to (25, 22).

    *   Wait, let me check the distance again.
    *   Me: (25, 23) -> (25, 22) [1 step]
    *   Agent 0: (24, 23) -> (24, 22) [1 step]
    *   Agent 2: (23, 25) -> (24, 25) -> (24, 24) -> (24, 23) -> (24, 22) [4 steps]
    *   It's very feasible.

    *   Let's do it.

    *   Action: Move North.
    *   Communication: ""Wait! Let's all sync on the tree at (25, 21). It requires 3 agents. I'm moving to (25, 22) now. Please join me!""
    *   Scratchpad: Moving to (25, 22) to prepare for 3-agent sync at (25, 21).

    *   Wait, I should check if I can just `Do` the tree at (26, 23) first? No, handover needs another person.
    *   The 3-agent tree is the best bet for a coordinated start.

    *   One more thing: Agent 0 and 2 are already moving. If they don't listen, I'll just follow them. But I'll try once.

    *   Action: Move North.
    *   Communication: ""Wait! Let's all sync on the tree at (25, 21). It requires 3 agents. I'm moving to (25, 22) now. Please join me!""
    *   Scratchpad: Moving to (25, 22) to prepare for 3-agent sync at (25, 21).",Do,"*   Position: (23, 25)
    *   Facing: West
    *   Target: Tree at (22, 25)
    *   Role: Miner
    *   Inventory: Empty
    *   Teammates: Agent 0 (Warrior) at (24, 23), Agent 1 (Forager) at (25, 23).

    *   Agent 0: Heading to tree at (22, 23).
    *   Agent 1: Heading to tree at (25, 21) to sync Do.

    *   I am currently facing a tree at (22, 25).
    *   I need wood to make a wood pickaxe.
    *   Agent 1 wants to sync at (25, 21), but I am already right next to a tree at (22, 25).
    *   Agent 0 is heading to (22, 23).
    *   Since I am already facing the tree at (22, 25), the most efficient action is to just chop it.

    *   Action: `Do` (to chop the tree at 22, 25).
    *   Communication: ""I'm chopping the tree at (22, 25). Agent 1, I'll get some wood here first, then we can coordinate. Agent 0, I'm at (22, 25).""
    *   Scratchpad: I am at (23, 25) facing the tree at (22, 25). I will use `Do` to collect wood.

    *   Wait, let me double-check the coordinates.
    *   My position: (23, 25).
    *   Tree: (22, 25).
    *   Facing: West.
    *   Target: Tree (22, 25).
    *   Yes, `Do` will target the tree.

    *   Wait, Agent 1 suggested syncing at (25, 21). Is that a special tree?
    *   The observation doesn't list a tree at (25, 21) in my current view, but it lists a tree at (26, 23) as a handover task.
    *   Actually, looking at the coordination list:
        *   Tree (26, 23): Handover.
    *   The tree at (22, 25) is a normal tree.
    *   Since I need wood immediately and I'm already there, I'll just take it.

    *   Action: `Do`
    *   Communication: ""Chopping tree at (22, 25). I'll gather wood and then we can coordinate on a table.""
    *   Scratchpad: Position (23, 25), facing West, targeting tree at (22, 25). Action: Do.","['Last action: Move West\nReward: +0.000\n\nStep: 2/10000 (9998 remaining, ends early if all agents die)\nPosition: (x=23, y=23)\nRole: warrior\nLocation: Overworld (surface)\nAchievements: 0/93 (39 unlock later)\n\nLevel info:\n- Light: bright (0.81)\n- Level: cleared — you can find the ladder down tile and use Descend to go deeper.\n\nYou see:\n- stone 4 steps north (x=23, y=19)\n- coal 4 steps north and 3 steps west (x=20, y=19)\n- tree 1 step west (x=22, y=23)\n- construction_site 1 step north and 1 step east (x=24, y=22)\n\nFacing: west.\n Do target: tree (x=22, y=23).\n\nCoordination:\n- construction_site 1 step north and 1 step east (x=24, y=22): requires 3 agents to use a Build action simultaneously (fails alone). You are on the south-west side, 2 steps away.\n- tree 3 steps east (x=26, y=23): one agent begins the task, then another completes it within 16 steps. You are on the west side, 3 steps away.\n- stone 5 steps west (x=18, y=23): requires 2 agents to select Do simultaneously (fails alone). You are on the east side, 5 steps away.\n- stone 4 steps north and 1 step east (x=24, y=19): works solo but grants a bonus when 2 agents select Do simultaneously. You are on the south-west side, 5 steps away.\n- stone 2 steps north and 3 steps west (x=20, y=21): works solo but grants a bonus when 3 agents select Do simultaneously. You are on the south-east side, 5 steps away.\n- coal 4 steps north and 3 steps west (x=20, y=19): one agent begins the task, then another completes it within 10 steps. You are on the south-east side, 7 steps away.\n\nTeammates:\nAgent 1 (forager): 1 step north and 2 steps east (x=25, y=22), health=9\nAgent 2 (miner): 2 steps south (x=23, y=25), health=9', 'Last action: Move North\nReward: +0.000\n\nStep: 2/10000 (9998 remaining, ends early if all agents die)\nPosition: (x=25, y=22)\nRole: forager\nLocation: Overworld (surface)\nAchievements: 0/93 (39 unlock later)\n\nLevel info:\n- Light: bright (0.81)\n- Level: cleared — you can find the ladder down tile and use Descend to go deeper.\n\nYou see:\n- stone 3 steps north and 1 step west (x=24, y=19)\n- tree 1 step north (x=25, y=21)\n- coal 2 steps south and 5 steps east (x=30, y=24)\n- construction_site 1 step west (x=24, y=22)\n- iron 1 step north and 5 steps east (x=30, y=21)\n\nFacing: north.\n Do target: tree (x=25, y=21).\n\nCoordination:\n- tree 1 step north (x=25, y=21): requires 3 agents to select Do simultaneously (fails alone). You are on the south side, adjacent (facing target).\n- tree 1 step south and 1 step east (x=26, y=23): one agent begins the task, then another completes it within 16 steps. You are on the north-west side, 2 steps away.\n- stone 3 steps north and 1 step west (x=24, y=19): works solo but grants a bonus when 2 agents select Do simultaneously. You are on the south-east side, 4 steps away.\n- stone 1 step north and 5 steps west (x=20, y=21): works solo but grants a bonus when 3 agents select Do simultaneously. You are on the south-east side, 6 steps away.\n- coal 3 steps north and 5 steps west (x=20, y=19): one agent begins the task, then another completes it within 10 steps. You are on the south-east side, 8 steps away.\n- stone 3 steps south and 5 steps east (x=30, y=25): one agent begins the task, then another completes it within 13 steps. You are on the north-west side, 8 steps away.\n\nTeammates:\nAgent 0 (warrior): 1 step south and 2 steps west (x=23, y=23), health=9\nAgent 2 (miner): 3 steps south and 2 steps west (x=23, y=25), health=9', 'Last action: Do\nReward: +1.000\nAchievements unlocked: Collect Wood\n\nStep: 2/10000 (9998 remaining, ends early if all agents die)\nPosition: (x=23, y=25)\nRole: miner\nLocation: Overworld (surface)\nAchievements: 1/93 (39 unlock later)\n\nLevel info:\n- Light: bright (0.81)\n- Level: cleared — you can find the ladder down tile and use Descend to go deeper.\n\nYou see:\n- stone 2 steps north and 4 steps west (x=19, y=23)\n- tree 2 steps north and 1 step west (x=22, y=23)\n- construction_site 3 steps south (x=23, y=28)\n\nFacing: west.\n Do target: grass (x=22, y=25).\n\nCoordination:\n- construction_site 3 steps south (x=23, y=28): one agent begins with a Build action, then another completes it within 14 steps. You are on the north side, 3 steps away.\n- construction_site 3 steps north and 1 step east (x=24, y=22): requires 3 agents to use a Build action simultaneously (fails alone). You are on the south-west side, 4 steps away.\n- tree 2 steps north and 3 steps east (x=26, y=23): one agent begins the task, then another completes it within 16 steps. You are on the south-west side, 5 steps away.\n- stone 4 steps north and 3 steps west (x=20, y=21): works solo but grants a bonus when 3 agents select Do simultaneously. You are on the south-east side, 7 steps away.\n- stone 2 steps north and 5 steps west (x=18, y=23): requires 2 agents to select Do simultaneously (fails alone). You are on the south-east side, 7 steps away.\n\nTeammates:\nAgent 0 (warrior): 2 steps north (x=23, y=23), health=9\nAgent 1 (forager): 3 steps north and 2 steps east (x=25, y=22), health=9']","[0.0, 0.0, 1.0]","[False, False, False]"
2,Do,"*   Current Position: (23, 23)
    *   Facing: West
    *   Target: Tree at (22, 23)
    *   Role: Warrior
    *   Inventory: Empty
    *   Teammates:
        *   Agent 1 (Forager): (25, 22)
        *   Agent 2 (Miner): (23, 25)

    *   Agent 1: ""Wait! Let's all sync on the tree at (25, 21). It requires 3 agents. I'm moving to (25, 22) now. Please join me!""
    *   Agent 2: ""Chopping tree at (22, 25). I'll gather wood and then we can coordinate on a table.""

    *   Agent 1 is insisting on a 3-agent sync tree at (25, 21).
    *   I don't see a tree at (25, 21) in my current observation.
    *   Wait, let me check the ""You see"" and ""Coordination"" sections again.
    *   ""You see"":
        *   stone (23, 19)
        *   coal (20, 19)
        *   tree (22, 23)
        *   construction_site (24, 22)
    *   ""Coordination"":
        *   construction_site (24, 22)
        *   tree (26, 23) - Handover
        *   stone (18, 23) - 2 agents
        *   stone (24, 19) - 2 agents bonus
        *   stone (20, 21) - 3 agents bonus
        *   coal (20, 19) - Handover
    *   There is NO tree at (25, 21) listed in my observation.

    *   Agent 1 might be seeing something I'm not, or they are mistaken.
    *   Agent 2 is already chopping a tree at (22, 25).
    *   I am currently facing a tree at (22, 23).

    *   If I go to (25, 21) to help Agent 1, I have to move East and North.
    *   If I stay and chop the tree at (22, 23), I get wood immediately.
    *   Since I'm already at (23, 23) and facing the tree at (22, 23), the most efficient move for *me* is to just chop it.
    *   However, if Agent 1 is right about a 3-agent sync tree, that might be a high-value target or an achievement. But I can't see it.

    *   Let's look at the distance to (25, 21).
    *   Current: (23, 23). Target: (25, 21).
    *   Distance: 2 East, 2 North.
    *   Agent 1 is at (25, 22).

    *   If I chop the tree at (22, 23), I'll have wood.
    *   Let's try to get some wood first, then see if I can find this tree Agent 1 is talking about.
    *   Wait, if I move West to (22, 23) and then Do, I'll have wood.
    *   But I'm already at (23, 23) and facing (22, 23). I can just use **Do** right now.

    *   Wait, let me check the ""Do target"" in the observation: ""Do target: tree (x=22, y=23)"".
    *   Yes, I am adjacent to the tree and facing it. I can use **Do** immediately.

    *   Action: Do.
    *   Communication: ""I don't see a tree at (25, 21). I'm chopping the tree at (22, 23) first, then I'll look for you.""
    *   Scratchpad: Chopping tree at (22, 23). Current pos (23, 23).

    *   Wait, let me double check the ""Do"" action.
    *   ""Do is your main interaction: face a tile and use the Do action on exactly that tile to chop trees...""
    *   I am at (23, 23), facing West. The tree is at (22, 23).
    *   Yes, I am facing the tree.

    *   Is there any reason to prioritize Agent 1's request?
    *   If it's a 3-agent sync, it might be a ""Coord Large Passive Kill"" or similar achievement (though that's for mobs). For trees, maybe it's just a lot of wood.
    *   But I can't see it. I'll take the guaranteed wood first.

    *   Action: Do.
    *   Communication: ""I don't see a tree at (25, 21). I'm chopping the tree at (22, 23) first, then I'll look for you.""
    *   Scratchpad: Chopping tree at (22, 23).

    *   Wait, let me check if I have a tool.
    *   ""Trees -> wood (no tool required)"".
    *   I don't have any tools, but I don't need one for wood.

    *   Let's do it.",Noop,"*   My position: (25, 22).
    *   Target tree: (25, 21).
    *   I am facing North, and the tree is at (25, 21). I am adjacent and facing it.
    *   Coordination requirement for tree (25, 21): 3 agents must select `Do` simultaneously.
    *   Agent 0 is at (23, 23).
    *   Agent 2 is at (23, 25).
    *   Agent 0 says they don't see the tree at (25, 21). This is because it's likely outside their vision range or they are not looking at the coordinates.
    *   Agent 2 is already chopping a tree at (22, 25).

    *   The 3-agent sync requires all three of us.
    *   Agent 0 and Agent 2 are already committed to other trees.
    *   If I `Do` now, it will fail because I'm alone.
    *   I need to convince them to come to (25, 21).
    *   Agent 0 is at (23, 23). To get to (25, 21), they need to move East and North.
    *   Agent 2 is at (23, 25). To get to (25, 21), they need to move East and North.

    *   Wait, if they are already chopping trees, they might get wood faster than if they travel to me.
    *   However, the 3-agent sync is a specific achievement and likely more efficient.
    *   But as a Forager, my priority is gathering resources.
    *   If they won't come, I can't do the 3-agent tree.
    *   Can I do something else?
    *   There's a construction site at (24, 22). I am at (25, 22). I am adjacent to it.
    *   But I have no materials.

    *   Let's try one more time to get them to (25, 21).
    *   ""Agent 0, Agent 2, please come to (25, 21)! It's a 3-agent sync tree. We can get more wood faster if we do it together. I'm already here and facing it.""

    *   If they still don't come, I'll have to find another tree or follow them.
    *   Wait, if I just `Do` the tree at (25, 21) alone, it fails.
    *   If I move to where they are, I can help them.
    *   Agent 0 is at (23, 23). Agent 2 is at (23, 25).
    *   They are both at x=23.
    *   If I move West to (24, 22), I'm closer to them.

    *   Let's try to be the leader here.
    *   ""Agent 0, Agent 2, STOP! Come to (25, 21) NOW. It's a 3-agent sync tree. We need all 3 of us to Do it at the same time. I am at (25, 22) facing it.""

    *   Wait, if they are already chopping, they might have already started.
    *   Let's check the communication again.
    *   Agent 0: ""I'm heading to the tree at (22, 23)"".
    *   Agent 2: ""Chopping tree at (22, 25)"".
    *   They are moving away from me.

    *   If I can't get them to sync, I should probably just gather wood myself to contribute to the table.
    *   Is there another tree nearby?
    *   Tree at (26, 23) is a handover. I'm at (25, 22).
    *   To get to (26, 23): Move East to (26, 22), then Move South to (26, 23) - wait, that's the tree.
    *   So Move East to (26, 22), then Move South (blocked) to face South, then `Do`.
    *   But again, handover needs two people.

    *   What if I just go to them?
    *   Agent 0 is at (23, 23). Agent 2 is at (23, 25).
    *   If I go to (22, 23) or (22, 25), I can help them.
    *   But they are already there.

    *   Let's try to convince them one last time. If they don't, I'll move towards them.
    *   Actually, I'll just `Noop` or `Move` while communicating.
    *   Wait, I can't `Noop` and communicate effectively if I want to move.
    *   I'll `Move West` to (24, 22) to be closer to them while I message.

    *   Wait, if I move West to (24, 22), I am at the construction site.
    *   Let's try:
    *   Action: Move West.
    *   Communication: ""Agent 0, Agent 2, please come to (25, 21) for a 3-agent sync! It's much better. I'm at (25, 22) facing it. If you can't, tell me where to meet you.""
    *   Scratchpad: Moving West to (24, 22) to be closer to teammates while trying to coordinate the 3-agent tree at (25, 21).

    *   Wait, if I move West, I'm no longer facing the tree at (25, 21).
    *   If they suddenly agree and `Do` it, I'll fail.
    *   But they are too far away to `Do` it this turn anyway.
    *   Agent 0 is at (23, 23). To `Do` (25, 21), they need to be at (24, 21), (25, 20), (26, 21), or (25, 22).
    *   They are not adjacent.

    *   Let's stick to the plan: try to get them to (25, 21).
    *   I'll stay at (25, 22) and face North.
    *   Action: Noop (or just stay put).
    *   Wait, `Noop` is an action.
    *   Let's just `Noop` and send a very clear message.

    *   Actually, I'll `Move West` to (24, 22) because if they don't come, I need to get to them.

    *   Wait, I'm a Forager. I should be gathering.
    *   If I can't sync, I'll just find a tree I can chop solo.
    *   Are there solo trees?
    *   The observation says:
        - tree (25, 21): 3 agents sync.
        - tree (26, 23): handover.
    *   It doesn't list any solo trees in the immediate vicinity.
    *   Wait, the teammates mentioned trees at (22, 23) and (22, 25).
    *   If those are solo trees, I should go there.

    *   Let's try to coordinate one more time, then move.

    *   Action: Move West.
    *   Communication: ""Agent 0, Agent 2, please come to (25, 21) for a 3-agent sync! It's much better. I'm at (25, 22) facing it. If you can't, I'll come to you at (22, 23/25).""
    *   Scratchpad: Moving West to (24, 22) to be closer to teammates. Trying to coordinate 3-agent sync at (25, 21).

    *   Wait, if I move West, I'm at (24, 22).
    *   Then I can move West again to (23, 22), then West to (22, 22).
    *   Then I'm adjacent to (22, 23) and (22, 25).

    *   Let's do that.

    *   Action: Move West.
    *   Communication: ""Agent 0, Agent 2, please come to (25, 21) for a 3-",Move North,"*   Position: (23, 25)
    *   Facing: West
    *   Inventory: 1 wood
    *   Role: Miner
    *   Teammates: Agent 0 (Warrior) at (23, 23), Agent 1 (Forager) at (25, 22).
    *   Current Target: Grass (x=22, y=25) - the tree I just chopped is gone.

    *   Agent 0 is at (23, 23), which is the location of a tree (x=22, y=23 is listed as a tree, but Agent 0 is at 23, 23... wait, the observation says ""tree 2 steps north and 1 step west (x=22, y=23)"". Agent 0 is at (23, 23). So Agent 0 is adjacent to that tree).
    *   Agent 1 is at (25, 22) and is insisting on syncing at (25, 21).
    *   I have 1 wood. I need a table (2 wood) to make a wood pickaxe.

    *   I can move north to join Agent 0 and potentially help with the tree at (22, 23).
    *   Or I can move towards Agent 1 at (25, 21).
    *   Agent 1's request for a 3-agent sync at (25, 21) is interesting, but I don't see that tree in my current observation. However, Agent 1 is a Forager, and they might have better info or be seeing something I'm not.
    *   Wait, looking at the coordination list: ""tree 2 steps north and 3 steps east (x=26, y=23): one agent begins the task, then another completes it within 16 steps."" This is a handover, not a 3-agent sync.
    *   Agent 1 says ""sync on the tree at (25, 21). It requires 3 agents."" This is not in my coordination list. Maybe it's just outside my view?
    *   Let's look at the map:
        *   Me: (23, 25)
        *   Agent 0: (23, 23)
        *   Agent 1: (25, 22)
        *   Tree: (22, 23) - Agent 0 is right there.

    *   I should probably get more wood. I have 1. I need 2 for a table.
    *   If I move North, I'll be at (23, 24).
    *   If I move North again, I'll be at (23, 23) (where Agent 0 is).
    *   If I move North and then West, I'll be at (22, 24), adjacent to the tree at (22, 23).

    *   Let's communicate with Agent 0 and 1.
    *   Agent 0 is already at (23, 23). He can just chop the tree at (22, 23).
    *   I'll move North to get closer to the action.

    *   Wait, Agent 1 is very insistent about (25, 21). Let's check the distance. (23, 25) to (25, 21) is 2 east, 4 north.
    *   Agent 0 is at (23, 23).
    *   If I move North, I'm at (23, 24).

    *   Let's try to coordinate. I'll move North.

    *   Action: Move North.
    *   Communication: ""I have 1 wood. Agent 0, go ahead and chop the tree at (22, 23). Agent 1, I don't see a 3-agent tree at (25, 21) in my list, but I'll move north to meet up. Let's gather 2 wood and place a table.""
    *   Scratchpad: Position (23, 25) -> (23, 24). Inventory: 1 wood. Facing: North.

    *   Wait, if I move North, I'll be at (23, 24).
    *   Agent 0 is at (23, 23).
    *   Tree is at (22, 23).
    *   If I move North, I'm closer to both.

    *   Let's refine the communication.
    *   ""I have 1 wood. Agent 0, chop the tree at (22, 23). Agent 1, I'm moving north. Let's get enough wood for a table and then I'll craft the pickaxe.""

    *   Wait, I am the Miner. I should be the one crafting the pickaxe.
    *   Table needs 2 wood.
    *   I have 1.
    *   If Agent 0 gets 1, we have 2.

    *   Action: Move North.","['Last action: Do\nReward: +1.000\nAchievements unlocked: Collect Wood\n\nStep: 3/10000 (9997 remaining, ends early if all agents die)\nPosition: (x=23, y=23)\nRole: warrior\nLocation: Overworld (surface)\nAchievements: 1/93 (39 unlock later)\n\nLevel info:\n- Light: bright (0.82)\n- Level: cleared — you can find the ladder down tile and use Descend to go deeper.\n\nYou see:\n- stone 4 steps north (x=23, y=19)\n- coal 4 steps north and 3 steps west (x=20, y=19)\n- tree 2 steps west (x=21, y=23)\n- construction_site 1 step north and 1 step east (x=24, y=22)\n\nFacing: west.\n Do target: grass (x=22, y=23).\n\nCoordination:\n- construction_site 1 step north and 1 step east (x=24, y=22): requires 3 agents to use a Build action simultaneously (fails alone). You are on the south-west side, 2 steps away.\n- tree 3 steps east (x=26, y=23): one agent begins the task, then another completes it within 16 steps. You are on the west side, 3 steps away.\n- stone 5 steps west (x=18, y=23): requires 2 agents to select Do simultaneously (fails alone). You are on the east side, 5 steps away.\n- stone 4 steps north and 1 step east (x=24, y=19): works solo but grants a bonus when 2 agents select Do simultaneously. You are on the south-west side, 5 steps away.\n- stone 2 steps north and 3 steps west (x=20, y=21): works solo but grants a bonus when 3 agents select Do simultaneously. You are on the south-east side, 5 steps away.\n- coal 4 steps north and 3 steps west (x=20, y=19): one agent begins the task, then another completes it within 10 steps. You are on the south-east side, 7 steps away.\n\nTeammates:\nAgent 1 (forager): 1 step north and 2 steps east (x=25, y=22), health=9\nAgent 2 (miner): 1 step south (x=23, y=24), health=9', 'Your previous response was empty. You must output <action>YOUR_CHOSEN_ACTION</action>.\n\nLast action: Noop\nReward: +0.000\n\nStep: 3/10000 (9997 remaining, ends early if all agents die)\nPosition: (x=25, y=22)\nRole: forager\nLocation: Overworld (surface)\nAchievements: 0/93 (39 unlock later)\n\nLevel info:\n- Light: bright (0.82)\n- Level: cleared — you can find the ladder down tile and use Descend to go deeper.\n\nYou see:\n- stone 3 steps north and 1 step west (x=24, y=19)\n- tree 1 step north (x=25, y=21)\n- coal 2 steps south and 5 steps east (x=30, y=24)\n- construction_site 1 step west (x=24, y=22)\n- iron 1 step north and 5 steps east (x=30, y=21)\n\nFacing: north.\n Do target: tree (x=25, y=21).\n\nCoordination:\n- tree 1 step north (x=25, y=21): requires 3 agents to select Do simultaneously (fails alone). You are on the south side, adjacent (facing target).\n- tree 1 step south and 1 step east (x=26, y=23): one agent begins the task, then another completes it within 16 steps. You are on the north-west side, 2 steps away.\n- stone 3 steps north and 1 step west (x=24, y=19): works solo but grants a bonus when 2 agents select Do simultaneously. You are on the south-east side, 4 steps away.\n- stone 1 step north and 5 steps west (x=20, y=21): works solo but grants a bonus when 3 agents select Do simultaneously. You are on the south-east side, 6 steps away.\n- coal 3 steps north and 5 steps west (x=20, y=19): one agent begins the task, then another completes it within 10 steps. You are on the south-east side, 8 steps away.\n- stone 3 steps south and 5 steps east (x=30, y=25): one agent begins the task, then another completes it within 13 steps. You are on the north-west side, 8 steps away.\n\nTeammates:\nAgent 0 (warrior): 1 step south and 2 steps west (x=23, y=23), health=9\nAgent 2 (miner): 2 steps south and 2 steps west (x=23, y=24), health=9', 'Last action: Move North\nReward: +0.000\n\nStep: 3/10000 (9997 remaining, ends early if all agents die)\nPosition: (x=23, y=24)\nRole: miner\nLocation: Overworld (surface)\nAchievements: 1/93 (39 unlock later)\n\nLevel info:\n- Light: bright (0.82)\n- Level: cleared — you can find the ladder down tile and use Descend to go deeper.\n\nYou see:\n- stone 4 steps north and 1 step west (x=22, y=20)\n- tree 1 step north and 2 steps west (x=21, y=23)\n- construction_site 2 steps north and 1 step east (x=24, y=22)\n\nFacing: north.\n Do target: Agent 0 (on grass) (x=23, y=23).\n\nCoordination:\n- construction_site 2 steps north and 1 step east (x=24, y=22): requires 3 agents to use a Build action simultaneously (fails alone). You are on the south-west side, 3 steps away.\n- tree 1 step north and 3 steps east (x=26, y=23): one agent begins the task, then another completes it within 16 steps. You are on the south-west side, 4 steps away.\n- construction_site 4 steps south (x=23, y=28): one agent begins with a Build action, then another completes it within 14 steps. You are on the north side, 4 steps away.\n- stone 3 steps north and 3 steps west (x=20, y=21): works solo but grants a bonus when 3 agents select Do simultaneously. You are on the south-east side, 6 steps away.\n- stone 1 step north and 5 steps west (x=18, y=23): requires 2 agents to select Do simultaneously (fails alone). You are on the south-east side, 6 steps away.\n\nTeammates:\nAgent 0 (warrior): 1 step north (x=23, y=23), health=9\nAgent 1 (forager): 2 steps north and 2 steps east (x=25, y=22), health=9']","[1.0, 0.0, 0.0]","[False, False, False]"
3,Noop,"*   Current Position: (23, 23)
    *   Facing: West
    *   Inventory: 1 wood
    *   Role: Warrior
    *   Teammates:
        *   Agent 1 (Forager): (25, 22)
        *   Agent 2 (Miner): (23, 24)
    *   Agent 2 has 1 wood. Total wood = 2.
    *   Agent 2 wants to place a table (requires 2 wood).

    *   Agent 2: ""I have 1 wood... Let's get 2 wood total and place a table so I can make the pickaxe.""
    *   Agent 1: Still talking about the 3-agent tree at (25, 21), but Agent 2 is dismissing it.

    *   We have 2 wood (Agent 0: 1, Agent 2: 1).
    *   A table requires 2 wood.
    *   Agent 2 (Miner) is the specialist for placing stone, but ""Place Table"" has no role restriction.
    *   Agent 2 is the one who needs the table to make the pickaxe.
    *   To place a table, an agent needs 2 wood in their inventory.
    *   Currently, the wood is split. Agent 0 has 1, Agent 2 has 1.
    *   They need to be adjacent to transfer? No, ""Give"" only works if there's a ""Request"".
    *   Wait, ""Give only appears as an available action when a teammate has an active Request.""
    *   So, Agent 2 should Request Wood, then Agent 0 can Give Wood.

    *   Agent 2 is at (23, 24). I am at (23, 23). We are adjacent.
    *   Agent 2 needs to Request Wood.
    *   Once Agent 2 requests, I can Give.
    *   Then Agent 2 can Place Table.

    *   Wait, let's check the ""Place Table"" recipe: ""Table (2 wood)"".
    *   Agent 2 is the Miner, so it makes sense for them to handle the table/pickaxe chain.

    *   I should tell Agent 2 to Request Wood so I can give it to them.
    *   Alternatively, I could Request Wood from Agent 2, but Agent 2 is the one who will likely be crafting the pickaxe.

    *   Let's check the current available actions for me:
        *   Move West, East, North, South
        *   Do
        *   Sleep, Rest
        *   Request [Resource]
    *   I cannot ""Give"" unless Agent 2 has requested.

    *   Plan:
        1.  Tell Agent 2 to Request Wood.
        2.  Give Wood to Agent 2.
        3.  Agent 2 places Table.

    *   Wait, Agent 1 is still at (25, 22).
    *   Agent 2 is at (23, 24).
    *   I am at (23, 23).

    *   Let's communicate this to Agent 2.

    *   Wait, can I just move to Agent 2? I'm already adjacent.
    *   I'll tell Agent 2 to request wood.

    *   Wait, let me check if there's any other priority.
    *   The level is ""cleared"", meaning we can descend. But we want gear first.
    *   Table -> Wood Pickaxe -> Stone -> Stone Pickaxe -> Iron...

    *   Let's coordinate the table.

    *   Action: Move South (to be closer/facing Agent 2, though not strictly necessary for Give). Actually, I'll just stay put or move to be more helpful.
    *   Actually, I'll just use a Move action to change facing or position if needed, but the most important thing is the communication.
    *   Let's Move South to (23, 24)? No, Agent 2 is there. I'll Move South to (23, 24) is blocked.
    *   I'll just Move East or North? No, I'll just stay at (23, 23) and communicate.
    *   Wait, I must choose exactly one action. I'll Move South to face Agent 2 (even if blocked, it changes facing).
    *   Actually, I'll just Move South. If it's blocked, I'll be at (23, 23) facing South.

    *   Wait, let's look at the map.
    *   Agent 2 is at (23, 24). I am at (23, 23).
    *   If I Move South, I'll be facing South.

    *   Communication: ""Agent 2, Request Wood so I can give you mine. Then you can place the table.""

    *   Wait, let me check if I should gather more wood first.
    *   We have 2 wood. That's enough for one table.
    *   Is it better to have more? Maybe. But getting the pickaxe started is priority.

    *   Let's refine the communication.
    *   ""Agent 2, Request Wood now. I'll give you my 1 wood so you have 2 for the table. Agent 1, ignore the 3-agent tree for now, let's get the table set up.""

    *   Action: Move South. (To face Agent 2).

    *   Wait, I can just Move South. If Agent 2 is at (23, 24), and I am at (23, 23), moving South will be blocked by Agent 2. I will stay at (23, 23) but my facing will become South.

    *   Let's do that.

    *   Wait, I see a tree at (21, 23). I'm at (23, 23).
    *   Maybe I should get more wood?
    *   No, let's get the table first.

    *   Action: Move South.
    *   Communication: ""Agent 2, Request Wood so I can give you mine for the table. Agent 1, let's focus on the table first.""
    *   Scratchpad: I have 1 wood. Agent 2 has 1 wood. Need Agent 2 to request so I can give.

    *   Wait, let me check the ""Give"" rule again.
    *   ""Give only appears as an available action when a teammate has an active Request.""
    *   Yes.

    *   One more thing: Agent 1 is at (25, 22).
    *   Agent 2 is at (23, 24).
    *   I am at (23, 23).

    *   Let's go.

    *   Wait, I'll just Move South.

    *   Wait, I just noticed Agent 2 said ""I'm moving north to meet up"".
    *   If Agent 2 moves North, they will be at (23, 23) which is where I am.
    *   If they move North, they will be blocked by me.
    *   So they will stay at (23, 24) and face North.
    *   I am at (23, 23) and face West.
    *   If I move South, I'll be blocked by them and face South.

    *   This seems fine.

    *   Action: Move South.
    *   Communication: ""Agent 2, Request Wood so I can give you mine for the table. Agent 1, let's focus on the table first.""
    *   Scratchpad: I have 1 wood. Agent 2 has 1 wood. Need Agent 2 to request so I can give.

    *   Wait, I'll just double check if I can Request Wood myself and have Agent 2 give it to me.
    *   ""Agent 2, I'll Request Wood, you give it to me, then I'll place the table.""
    *   Actually, Agent 2 is the Miner. It's better if the Miner has the tools/table.
    *   Let's stick to Agent 2 requesting.

    *   Wait, I can just Request Wood myself to see if it works? No, that's confusing.
    *   I'll tell Agent 2 to request.

    *   Final check on the action: Move South.

    *   Wait, I can just ""Noop"" if I want to stay put, but Move South is better for facing.

    *   Actually, I'll just Move South.

    *   Wait, I just realized I can't ""Give"" until the *next* turn after they request.
    *   So:
        Turn 3: I tell Agent 2 to request.
        Turn",Noop,"*   Position: (25, 22)
    *   Facing: North
    *   Target: Tree at (25, 21)
    *   Coordination: Tree (25, 21) requires 3 agents to `Do` simultaneously.
    *   Teammates:
        *   Agent 0 (Warrior): (23, 23) - Chopping tree at (22, 23).
        *   Agent 2 (Miner): (23, 24) - Has 1 wood, moving North to meet up.

    *   Agent 0 is committed to (22, 23).
    *   Agent 2 is moving North but doesn't see the 3-agent tree in their coordination list (likely because they aren't close enough).
    *   I am already adjacent to the 3-agent tree at (25, 21).

    *   If I want the 3-agent sync, I need both Agent 0 and Agent 2 to be adjacent to (25, 21) and `Do` at the same time.
    *   Agent 0 is at (23, 23). They are 2 steps away from (25, 21) (e.g., (24, 21) or (25, 22)).
    *   Agent 2 is at (23, 24). They are 3 steps away.
    *   Since Agent 0 is already chopping another tree, the 3-agent sync is unlikely to happen *this* turn or the next.
    *   Agent 2 is moving North.

    *   I can't `Do` the tree alone.
    *   I can't move to (22, 23) quickly enough to help Agent 0 before they finish.
    *   I should try to guide them to (25, 21) again, but be more explicit about the coordinates and the ""3 agents"" requirement.
    *   Alternatively, I can move towards them to help with other tasks or gather wood elsewhere.
    *   Wait, if Agent 2 is moving North, they might reach me soon.
    *   Let's try to keep them focused on the 3-agent tree because it's a high-value achievement and likely gives more wood.

    *   Action: `Noop` (Stay put and face the tree).
    *   Communication: ""Agent 0, Agent 2, please come to (25, 21) NOW! It is a 3-agent sync tree. We MUST all three Do it at the same time. Agent 0, leave (22, 23) and come here. Agent 2, you are moving North, just come to (25, 21). I am already here facing it!""
    *   Scratchpad: Staying at (25, 22) facing the 3-agent tree at (25, 21). Trying to convince Agent 0 and Agent 2 to coordinate.

    *   Wait, if Agent 0 is already chopping, they might have already spent the turn.
    *   If I just `Noop`, I'm wasting a turn if they don't come.
    *   Maybe I should move to (24, 22) to be closer to them? No, I'm already at (25, 22), which is adjacent to the tree.
    *   Let's try to be very firm in the communication.

    *   Wait, if Agent 2 says ""I don't see a 3-agent tree at (25, 21) in my coordination list"", it's because they are too far.
    *   I'll stay put.

    *   Action: `Noop`
    *   Communication: ""Agent 0, Agent 2, please come to (25, 21) NOW! It is a 3-agent sync tree. We MUST all three Do it at the same time. Agent 0, leave (22, 23) and come here. Agent 2, you are moving North, just come to (25, 21). I am already here facing it!""
    *   Scratchpad: Staying at (25, 22) facing the 3-agent tree at (25, 21). Trying to convince Agent 0 and Agent 2 to coordinate.

    *   Wait, is there any other option?
    *   I could move to (26, 23) for the handover tree.
    *   But the 3-agent sync is better.

    *   Let's double check the coordinates.
    *   Me: (25, 22). Tree: (25, 21). I am South of it.
    *   Agent 0: (23, 23).
    *   Agent 2: (23, 24).
    *   If Agent 0 moves East to (24, 23) then North to (24, 22) then North to (24, 21), they are adjacent.
    *   If Agent 2 moves East to (24, 24) then North to (24, 23) then North to (24, 22) then North to (24, 21), they are adjacent.

    *   Let's try to get them there.

    *   Action: `Noop`
    *   Communication: ""Agent 0, Agent 2, please come to (25, 21) NOW! It is a 3-agent sync tree. We MUST all three Do it at the same time. Agent 0, leave (22, 23) and come here. Agent 2, you are moving North, just come to (25, 21). I am already here facing it!""
    *   Scratchpad: Staying at (25, 22) facing the 3-agent tree at (25, 21). Trying to convince Agent 0 and Agent 2 to coordinate.

    *   Wait, if I `Noop`, I'm not doing anything.
    *   Maybe I should `Move North` to (25, 21)? No, the tree is *at* (25, 21). I can't move into it.
    *   I'll `Noop`.

    *   Wait, I can't `Noop` and then `Do` next turn if I'm not facing it. But I *am* facing it.
    *   Let's go.",Move West,"*   Position: (23, 24)
    *   Facing: North
    *   Inventory: 1 wood
    *   Role: Miner
    *   Teammates: Agent 0 (Warrior) at (23, 23), Agent 1 (Forager) at (25, 22).
    *   Agent 0 is chopping the tree at (22, 23).

    *   I have 1 wood.
    *   I need 2 wood for a table.
    *   Agent 0 is chopping a tree.
    *   Agent 1 is at (25, 22).
    *   I am at (23, 24).
    *   The tree Agent 0 is chopping is at (22, 23).
    *   I am facing North, and Agent 0 is at (23, 23). If I use `Do`, I will hit Agent 0 (friendly fire). I must not do that.

    *   I can move North to (23, 23), but Agent 0 is already there. I can't move into a tile occupied by another player.
    *   I can move West to (22, 24), which puts me adjacent to the tree at (22, 23).
    *   Wait, Agent 0 is already chopping it. If it's a handover tree, I might be needed. Let's check the coordination list.
    *   Coordination list:
        *   `construction_site (24, 22)`: 3 agents sync.
        *   `tree (26, 23)`: Handover.
        *   `construction_site (23, 28)`: Handover.
        *   `stone (20, 21)`: 3 agents bonus.
        *   `stone (18, 23)`: 2 agents sync.
    *   The tree at (22, 23) is NOT listed as a coordination task. It's a normal tree. Agent 0 can chop it alone.

    *   I need more wood.
    *   I can move West to (22, 24) and then North to (22, 23) if Agent 0 moves, or just look for another tree.
    *   Wait, there is a tree at (21, 23).
    *   Current position: (23, 24).
    *   Tree at (21, 23) is 1 step north and 2 steps west.
    *   Path to (21, 23): Move West (22, 24), Move West (21, 24), Move North (21, 23).
    *   Or Move North (23, 23) - blocked by Agent 0.
    *   Or Move West (22, 24), Move North (22, 23) - blocked by tree/Agent 0.

    *   Let's move West to (22, 24). This puts me closer to the tree at (21, 23).

    *   Agent 0 is chopping (22, 23).
    *   Agent 1 is at (25, 22).
    *   I'll tell them I'm going for more wood.

    *   Action: Move West.
    *   Communication: ""I'm moving to gather more wood. Agent 0, let me know when you're done with that tree. Agent 1, I'll meet you once we have enough wood for a table.""
    *   Scratchpad: Position (23, 24) -> (22, 24). Inventory: 1 wood. Facing: West. Target: Tree at (21, 23).

    *   Wait, let me double check the tree at (21, 23).
    *   Observation: ""tree 1 step north and 2 steps west (x=21, y=23)"".
    *   My position: (23, 24).
    *   Move West -> (22, 24).
    *   Then Move West -> (21, 24).
    *   Then Move North -> (21, 23).
    *   Then Do.

    *   Alternatively, I could move North to (23, 23) if Agent 0 moves. But he's chopping.
    *   Let's go West.","['Your previous response was empty. You must output <action>YOUR_CHOSEN_ACTION</action>.\n\nLast action: Noop\nReward: +0.000\n\nStep: 4/10000 (9996 remaining, ends early if all agents die)\nPosition: (x=23, y=23)\nRole: warrior\nLocation: Overworld (surface)\nAchievements: 1/93 (39 unlock later)\n\nLevel info:\n- Light: bright (0.83)\n- Level: cleared — you can find the ladder down tile and use Descend to go deeper.\n\nYou see:\n- stone 4 steps north (x=23, y=19)\n- coal 4 steps north and 3 steps west (x=20, y=19)\n- tree 2 steps west (x=21, y=23)\n- construction_site 1 step north and 1 step east (x=24, y=22)\n\nFacing: west.\n Do target: grass (x=22, y=23).\n\nCoordination:\n- construction_site 1 step north and 1 step east (x=24, y=22): requires 3 agents to use a Build action simultaneously (fails alone). You are on the south-west side, 2 steps away.\n- tree 3 steps east (x=26, y=23): one agent begins the task, then another completes it within 16 steps. You are on the west side, 3 steps away.\n- stone 5 steps west (x=18, y=23): requires 2 agents to select Do simultaneously (fails alone). You are on the east side, 5 steps away.\n- stone 4 steps north and 1 step east (x=24, y=19): works solo but grants a bonus when 2 agents select Do simultaneously. You are on the south-west side, 5 steps away.\n- stone 2 steps north and 3 steps west (x=20, y=21): works solo but grants a bonus when 3 agents select Do simultaneously. You are on the south-east side, 5 steps away.\n- coal 4 steps north and 3 steps west (x=20, y=19): one agent begins the task, then another completes it within 10 steps. You are on the south-east side, 7 steps away.\n\nTeammates:\nAgent 1 (forager): 1 step north and 2 steps east (x=25, y=22), health=9\nAgent 2 (miner): 1 step south and 1 step west (x=22, y=24), health=9', 'Last action: Noop\nReward: +0.000\n\nStep: 4/10000 (9996 remaining, ends early if all agents die)\nPosition: (x=25, y=22)\nRole: forager\nLocation: Overworld (surface)\nAchievements: 0/93 (39 unlock later)\n\nLevel info:\n- Light: bright (0.83)\n- Level: cleared — you can find the ladder down tile and use Descend to go deeper.\n\nYou see:\n- stone 3 steps north and 1 step west (x=24, y=19)\n- tree 1 step north (x=25, y=21)\n- coal 2 steps south and 5 steps east (x=30, y=24)\n- construction_site 1 step west (x=24, y=22)\n- iron 1 step north and 5 steps east (x=30, y=21)\n\nFacing: north.\n Do target: tree (x=25, y=21).\n\nCoordination:\n- tree 1 step north (x=25, y=21): requires 3 agents to select Do simultaneously (fails alone). You are on the south side, adjacent (facing target).\n- tree 1 step south and 1 step east (x=26, y=23): one agent begins the task, then another completes it within 16 steps. You are on the north-west side, 2 steps away.\n- stone 3 steps north and 1 step west (x=24, y=19): works solo but grants a bonus when 2 agents select Do simultaneously. You are on the south-east side, 4 steps away.\n- stone 1 step north and 5 steps west (x=20, y=21): works solo but grants a bonus when 3 agents select Do simultaneously. You are on the south-east side, 6 steps away.\n- coal 3 steps north and 5 steps west (x=20, y=19): one agent begins the task, then another completes it within 10 steps. You are on the south-east side, 8 steps away.\n- stone 3 steps south and 5 steps east (x=30, y=25): one agent begins the task, then another completes it within 13 steps. You are on the north-west side, 8 steps away.\n\nTeammates:\nAgent 0 (warrior): 1 step south and 2 steps west (x=23, y=23), health=9\nAgent 2 (miner): 2 steps south and 3 steps west (x=22, y=24), health=9', 'Last action: Move West\nReward: +0.000\n\nStep: 4/10000 (9996 remaining, ends early if all agents die)\nPosition: (x=22, y=24)\nRole: miner\nLocation: Overworld (surface)\nAchievements: 1/93 (39 unlock later)\n\nLevel info:\n- Light: bright (0.83)\n- Level: cleared — you can find the ladder down tile and use Descend to go deeper.\n\nYou see:\n- coal 4 steps north and 5 steps west (x=17, y=20)\n- stone 4 steps north (x=22, y=20)\n- tree 1 step north and 1 step west (x=21, y=23)\n- construction_site 2 steps north and 2 steps east (x=24, y=22)\n\nFacing: west.\n Do target: grass (x=21, y=24).\n\nCoordination:\n- construction_site 2 steps north and 2 steps east (x=24, y=22): requires 3 agents to use a Build action simultaneously (fails alone). You are on the south-west side, 4 steps away.\n- stone 3 steps north and 2 steps west (x=20, y=21): works solo but grants a bonus when 3 agents select Do simultaneously. You are on the south-east side, 5 steps away.\n- stone 1 step north and 4 steps west (x=18, y=23): requires 2 agents to select Do simultaneously (fails alone). You are on the south-east side, 5 steps away.\n- tree 1 step north and 4 steps east (x=26, y=23): one agent begins the task, then another completes it within 16 steps. You are on the south-west side, 5 steps away.\n- construction_site 4 steps south and 1 step east (x=23, y=28): one agent begins with a Build action, then another completes it within 14 steps. You are on the north-west side, 5 steps away.\n\nTeammates:\nAgent 0 (warrior): 1 step north and 1 step east (x=23, y=23), health=9\nAgent 1 (forager): 2 steps north and 3 steps east (x=25, y=22), health=9']","[0.0, 0.0, 0.0]","[False, False, False]"
4,Move East,"*   Position: (23, 23)
    *   Facing: West
    *   Inventory: 1 wood
    *   Role: Warrior
    *   Teammates:
        *   Agent 1 (Forager): (25, 22)
        *   Agent 2 (Miner): (22, 24)
    *   Agent 1 is insisting on a 3-agent sync tree at (25, 21).
    *   Agent 2 is gathering more wood and wants to meet later.
    *   I have 1 wood.

    *   Agent 1: ""Come to (25, 21) NOW! It is a 3-agent sync tree.""
    *   Agent 2: ""I'm moving to gather more wood... I'll meet you once we have enough wood for a table.""

    *   Syncing on a 3-agent tree is a high-value target (achievement ""Coord 3 Agents Soft"" or similar).
    *   However, we need a table and pickaxe to progress.
    *   Agent 1 is already at (25, 22), which is adjacent to (25, 21).
    *   I am at (23, 23).
    *   Agent 2 is at (22, 24).

    *   If I go to (25, 21), I need to be adjacent to it.
    *   Target: (25, 21).
    *   Adjacent tiles: (24, 21), (26, 21), (25, 20), (25, 22).
    *   Agent 1 is at (25, 22).
    *   I can move to (24, 21) or (25, 20).

    *   Wait, Agent 2 is not coming yet. A 3-agent sync requires *all three* to act simultaneously.
    *   If Agent 2 is gathering wood, the sync won't happen immediately.

    *   Let's check the ""Coordination"" list in the observation.
    *   It does *not* list a 3-agent tree at (25, 21).
    *   It lists:
        *   Construction site (24, 22): 3 agents Build.
        *   Tree (26, 23): Handover.
        *   Stone (18, 23): 2 agents Do.
        *   Stone (24, 19): 2 agents Do.
        *   Stone (20, 21): 3 agents Do.
        *   Coal (20, 19): Handover.

    *   Agent 1 might be mistaken or seeing something I'm not (though observations are usually shared/consistent). Wait, the observation says ""You see: ... construction_site 1 step north and 1 step east (x=24, y=22)"".
    *   Agent 1 says ""come to (25, 21)"". (25, 21) is not in my ""You see"" list, but it's close.
    *   Wait, Agent 1 says ""It is a 3-agent sync tree"".
    *   If it's not in my coordination list, maybe it's not there or I'm too far?
    *   Actually, the coordination list usually shows things within a certain range. (25, 21) is 2 steps east and 2 steps north of me. It should be visible.

    *   Let's look at Agent 2's plan. Agent 2 wants wood for a table.
    *   I have 1 wood. Agent 2 probably has some.
    *   If we get 2 wood, we can make a table.

    *   Decision: I'll prioritize the table/pickaxe over a potentially non-existent or delayed sync tree, but I should communicate with Agent 1.
    *   Wait, if Agent 1 is already there, maybe I should just check it out?
    *   But Agent 2 is the Miner. We need the Miner for the pickaxe.

    *   Let's try to coordinate with Agent 2 for the table.
    *   I'll move towards Agent 2 or the center.
    *   Actually, I'll move East to get closer to Agent 1 and see if that tree exists, while telling Agent 2 to coordinate the table.

    *   Wait, let's look at the map again.
    *   Me: (23, 23)
    *   Agent 1: (25, 22)
    *   Agent 2: (22, 24)

    *   I'll move East to (24, 23).

    *   Communication: ""Agent 1, I don't see a 3-agent tree at (25, 21) in my list. Agent 2, let's gather 2 wood and place a table. I have 1 wood. Request it when you're ready.""

    *   Wait, I'll just move East.

    *   Wait, let me check the ""Coordination"" list one more time.
    *   ""construction_site 1 step north and 1 step east (x=24, y=22): requires 3 agents to use a Build action simultaneously"".
    *   Maybe Agent 1 is confusing the construction site with a tree?
    *   (24, 22) is a construction site. Agent 1 is at (25, 22).
    *   (25, 21) is just north of Agent 1.

    *   I'll move East.

    *   Action: Move East.
    *   Communication: ""Agent 1, I don't see a 3-agent tree at (25, 21). Are you sure? Agent 2, I have 1 wood. Let's get 2 total and place a table. Request wood from me when you're ready.""
    *   Scratchpad: I have 1 wood. Agent 1 wants a sync tree at (25, 21). Agent 2 wants a table. I'll move East to (24, 23).

    *   Wait, I'll just move East.

    *   One more thing: I'm a Warrior. I should probably make a wood sword soon.
    *   Table -> Wood Sword (1 wood).
    *   So the table is definitely the priority.

    *   Action: Move East.",Move East,"*   Position: (25, 22)
    *   Facing: North
    *   Target: Tree at (25, 21)
    *   Coordination: Tree (25, 21) requires 3 agents to `Do` simultaneously.
    *   Teammates:
        *   Agent 0 (Warrior): (23, 23)
        *   Agent 2 (Miner): (22, 24)
    *   Agent 2 is moving away to gather more wood. Agent 0 is still at (23, 23).
    *   The 3-agent sync is not happening right now.

    *   I am a Forager. I should be gathering resources.
    *   I can't chop the 3-agent tree alone.
    *   There is a handover tree at (26, 23).
    *   There is a construction site at (24, 22) (adjacent to me).
    *   There is stone at (24, 19).
    *   There is iron at (30, 21).
    *   There is coal at (30, 24).

    *   Agent 0 and Agent 2 are ignoring my request for the 3-agent sync.
    *   I need wood.
    *   The handover tree at (26, 23) is 2 steps away.
    *   Let's check the handover tree: ""one agent begins the task, then another completes it within 16 steps.""
    *   If I go there and start it, someone else can finish it.

    *   Wait, I can just move to the handover tree and start it.
    *   Current position: (25, 22).
    *   Target: (26, 23).
    *   Path: Move East to (26, 22), then Move South to (26, 23). No, that's not right.
    *   Path: Move East to (26, 22), then Move South to (26, 23). Wait, (26, 23) is 1 step East and 1 step South.
    *   Let's move East first.

    *   Wait, I should communicate my plan.
    *   ""I'm moving to the tree at (26, 23) to start a handover. Please help me finish it!""

    *   Wait, let's look at the map again.
    *   Tree at (26, 23).
    *   I am at (25, 22).
    *   Move East -> (26, 22).
    *   Move South -> (26, 23).
    *   Wait, if I move East, I'll be at (26, 22). Then I face South and `Do` (26, 23).

    *   Let's try that.

    *   Action: `Move East`
    *   Communication: ""Agent 0, Agent 2, the 3-agent sync is too hard to coordinate right now. I'm moving to the tree at (26, 23) to start a handover. Please come and finish it once I start!""
    *   Scratchpad: Moving to (26, 22) to target the handover tree at (26, 23).

    *   Wait, let me check if there are any other trees.
    *   Observation says: ""tree 1 step south and 1 step east (x=26, y=23)"".
    *   Yes.

    *   Let's go.",Move West,"*   Position: (22, 24)
    *   Facing: West
    *   Inventory: 1 wood
    *   Role: Miner
    *   Teammates: Agent 0 (Warrior) at (23, 23), Agent 1 (Forager) at (25, 22).
    *   Agent 1 is insisting on a 3-agent sync tree at (25, 21).

    *   Agent 1 says there is a 3-agent sync tree at (25, 21).
    *   Looking at my coordination list:
        *   `construction_site (24, 22)`: 3 agents sync.
        *   `stone (20, 21)`: 3 agents bonus.
        *   `stone (18, 23)`: 2 agents sync.
        *   `tree (26, 23)`: Handover.
        *   `construction_site (23, 28)`: Handover.
    *   Wait, I don't see a 3-agent sync tree at (25, 21) in my coordination list.
    *   Let me re-read the coordination list carefully.
    *   `construction_site 2 steps north and 2 steps east (x=24, y=22): requires 3 agents to use a Build action simultaneously (fails alone).`
    *   `stone 3 steps north and 2 steps west (x=20, y=21): works solo but grants a bonus when 3 agents select Do simultaneously.`
    *   `stone 1 step north and 4 steps west (x=18, y=23): requires 2 agents to select Do simultaneously (fails alone).`
    *   `tree 1 step north and 4 steps east (x=26, y=23): one agent begins the task, then another completes it within 16 steps.`
    *   `construction_site 4 steps south and 1 step east (x=23, y=28): one agent begins with a Build action, then another completes it within 14 steps.`
    *   There is NO 3-agent sync tree at (25, 21) listed. Agent 1 might be mistaken or seeing something I'm not (though coordination hints are usually global for the level).
    *   Wait, Agent 1 is at (25, 22). The tree they are talking about is at (25, 21).
    *   If I move to (25, 21), I'll be far from the tree I was targeting (21, 23).

    *   I have 1 wood. I need 2 for a table.
    *   Agent 0 is at (23, 23).
    *   Agent 1 is at (25, 22).
    *   I am at (22, 24).
    *   There is a tree at (21, 23).
    *   If I go to (25, 21), I'm moving away from my current target.
    *   However, if Agent 1 is right and it's a high-yield tree, it might be worth it. But the coordination list is the source of truth. The list does NOT mention a 3-agent sync tree at (25, 21). It mentions a 3-agent sync *construction site* at (24, 22).
    *   Maybe Agent 1 is confusing the construction site (24, 22) with a tree? Or maybe they are just wrong.
    *   Let's look at the tree at (26, 23). It's a handover tree.
    *   Let's look at the tree at (21, 23). It's a normal tree.

    *   I'll continue towards the tree at (21, 23) to get my second piece of wood. Once I have 2 wood, I can place a table.
    *   Path to (21, 23):
        *   Current: (22, 24), Facing: West.
        *   Move West -> (21, 24).
        *   Move North -> (21, 23).
        *   Do.

    *   Wait, let me check if I can just move North from (22, 24) to (22, 23).
    *   (22, 23) is a tree.
    *   If I move North, I'll be at (22, 23) - but wait, (22, 23) is a tree, and trees are solid. I can't move *into* the tree tile. I must stand *next* to it.
    *   I am at (22, 24). The tree is at (21, 23).
    *   To target (21, 23):
        *   Stand at (21, 24) facing North.
        *   Stand at (22, 23) facing West (but (22, 23) is a tree, can't stand there).
        *   Stand at (20, 23) facing East.
        *   Stand at (21, 22) facing North.
    *   So I should move West to (21, 24), then move North (which will fail because (21, 23) is a tree), but it will set my facing to North. Then I can `Do`.
    *   Wait, if I am at (21, 24) and I move North, I stay at (21, 24) and face North. Then `Do` targets (21, 23).

    *   Let's try: Move West -> (21, 24).

    *   Agent 1 is very insistent. I should probably tell them I don't see that tree in my coordination list and I'm getting wood first.

    *   Action: Move West.
    *   Communication: ""Agent 1, I don't see a 3-agent sync tree at (25, 21) in my coordination list. I'm gathering one more wood from (21, 23) first, then I'll coordinate with you all for the table.""
    *   Scratchpad: Position (22, 24) -> (21, 24). Inventory: 1 wood. Facing: West. Target: Tree at (21, 23).

    *   Wait, let me check the tree at (21, 23) again.
    *   ""tree 1 step north and 1 step west (x=21, y=23)""
    *   My position: (22, 24).
    *   Move West -> (21, 24).
    *   Then Move North (blocked) -> Facing North.
    *   Then Do -> Chop tree at (21, 23).

    *   This seems solid.

    *   Wait, let me check if there's a faster way.
    *   If I move North from (22, 24), I'm at (22, 23)? No, (22, 23) is a tree.
    *   If I move West from (22, 24), I'm at (21, 24).
    *   Yes, Move West is the way.","['Last action: Move East\nReward: +0.000\n\nStep: 5/10000 (9995 remaining, ends early if all agents die)\nPosition: (x=24, y=23)\nRole: warrior\nLocation: Overworld (surface)\nAchievements: 1/93 (39 unlock later)\n\nLevel info:\n- Light: bright (0.84)\n- Level: cleared — you can find the ladder down tile and use Descend to go deeper.\n\nYou see:\n- stone 4 steps north (x=24, y=19)\n- coal 4 steps north and 4 steps west (x=20, y=19)\n- tree 2 steps east (x=26, y=23)\n- construction_site 1 step north (x=24, y=22)\n- iron 4 steps south and 5 steps east (x=29, y=27)\n\nFacing: east.\n Do target: grass (x=25, y=23).\n\nCoordination:\n- construction_site 1 step north (x=24, y=22): requires 3 agents to use a Build action simultaneously (fails alone). You are on the south side, adjacent (facing east).\n- tree 2 steps east (x=26, y=23): one agent begins the task, then another completes it within 16 steps. You are on the west side, 2 steps away.\n- stone 4 steps north (x=24, y=19): works solo but grants a bonus when 2 agents select Do simultaneously. You are on the south side, 4 steps away.\n- stone 2 steps north and 4 steps west (x=20, y=21): works solo but grants a bonus when 3 agents select Do simultaneously. You are on the south-east side, 6 steps away.\n- coal 4 steps north and 4 steps west (x=20, y=19): one agent begins the task, then another completes it within 10 steps. You are on the south-east side, 8 steps away.\n\nTeammates:\nAgent 1 (forager): 1 step north and 1 step east (x=25, y=22), health=9\nAgent 2 (miner): 1 step south and 3 steps west (x=21, y=24), health=9', 'Last action: Move East\nReward: +0.000\n\nStep: 5/10000 (9995 remaining, ends early if all agents die)\nPosition: (x=25, y=22)\nRole: forager\nLocation: Overworld (surface)\nAchievements: 0/93 (39 unlock later)\n\nLevel info:\n- Light: bright (0.84)\n- Level: cleared — you can find the ladder down tile and use Descend to go deeper.\n\nYou see:\n- stone 3 steps north and 1 step west (x=24, y=19)\n- tree 1 step north (x=25, y=21)\n- coal 2 steps south and 5 steps east (x=30, y=24)\n- construction_site 1 step west (x=24, y=22)\n- iron 1 step north and 5 steps east (x=30, y=21)\n\nFacing: east.\n Do target: tree (x=26, y=22).\n\nCoordination:\n- tree 1 step north (x=25, y=21): requires 3 agents to select Do simultaneously (fails alone). You are on the south side, adjacent (facing east).\n- tree 1 step south and 1 step east (x=26, y=23): one agent begins the task, then another completes it within 16 steps. You are on the north-west side, 2 steps away.\n- stone 3 steps north and 1 step west (x=24, y=19): works solo but grants a bonus when 2 agents select Do simultaneously. You are on the south-east side, 4 steps away.\n- stone 1 step north and 5 steps west (x=20, y=21): works solo but grants a bonus when 3 agents select Do simultaneously. You are on the south-east side, 6 steps away.\n- coal 3 steps north and 5 steps west (x=20, y=19): one agent begins the task, then another completes it within 10 steps. You are on the south-east side, 8 steps away.\n- stone 3 steps south and 5 steps east (x=30, y=25): one agent begins the task, then another completes it within 13 steps. You are on the north-west side, 8 steps away.\n\nTeammates:\nAgent 0 (warrior): 1 step south and 1 step west (x=24, y=23), health=9\nAgent 2 (miner): 2 steps south and 4 steps west (x=21, y=24), health=9', 'Last action: Move West\nReward: +0.000\n\nStep: 5/10000 (9995 remaining, ends early if all agents die)\nPosition: (x=21, y=24)\nRole: miner\nLocation: Overworld (surface)\nAchievements: 1/93 (39 unlock later)\n\nLevel info:\n- Light: bright (0.84)\n- Level: cleared — you can find the ladder down tile and use Descend to go deeper.\n\nYou see:\n- stone 1 step north and 2 steps west (x=19, y=23)\n- coal 4 steps north and 4 steps west (x=17, y=20)\n- tree 1 step north (x=21, y=23)\n- construction_site 2 steps north and 3 steps east (x=24, y=22)\n\nFacing: west.\n Do target: tree (x=20, y=24).\n\nCoordination:\n- stone 3 steps north and 1 step west (x=20, y=21): works solo but grants a bonus when 3 agents select Do simultaneously. You are on the south-east side, 4 steps away.\n- stone 1 step north and 3 steps west (x=18, y=23): requires 2 agents to select Do simultaneously (fails alone). You are on the south-east side, 4 steps away.\n- construction_site 2 steps north and 3 steps east (x=24, y=22): requires 3 agents to use a Build action simultaneously (fails alone). You are on the south-west side, 5 steps away.\n- tree 1 step north and 5 steps east (x=26, y=23): one agent begins the task, then another completes it within 16 steps. You are on the south-west side, 6 steps away.\n- construction_site 4 steps south and 2 steps east (x=23, y=28): one agent begins with a Build action, then another completes it within 14 steps. You are on the north-west side, 6 steps away.\n\nTeammates:\nAgent 0 (warrior): 1 step north and 3 steps east (x=24, y=23), health=9\nAgent 1 (forager): 2 steps north and 4 steps east (x=25, y=22), health=9']","[0.0, 0.0, 0.0]","[False, False, False]"
5,Move East,"*   Position: (24, 23)
    *   Facing: East
    *   Inventory: 1 wood
    *   Role: Warrior
    *   Teammates:
        *   Agent 1 (Forager): (25, 22)
        *   Agent 2 (Miner): (21, 24)

    *   Agent 1: Moving to tree at (26, 23) to start a handover. Wants me/Agent 2 to finish it.
    *   Agent 2: Gathering one more wood from (21, 23), then wants to coordinate for a table.

    *   Tree at (26, 23) is a handover task.
    *   Agent 1 is at (25, 22).
    *   I am at (24, 23).
    *   The tree is at (26, 23).
    *   To finish a handover, I need to be adjacent to the tree and use `Do` after Agent 1 starts.
    *   Adjacent tiles to (26, 23): (25, 23), (27, 23), (26, 22), (26, 24).

    *   Agent 2 is the Miner. He needs 2 wood to place a table.
    *   I have 1 wood.
    *   Agent 2 is gathering wood.
    *   Once Agent 2 has wood, we can place a table.

    *   Agent 1 is starting a handover at (26, 23). This is a good way to get wood quickly and get an achievement.
    *   I am currently at (24, 23).
    *   If I move East to (25, 23), I will be adjacent to the tree at (26, 23).
    *   I can then wait for Agent 1 to start and then `Do` to finish.

    *   Move East to (25, 23).
    *   Communicate with Agent 1 and Agent 2.

    *   ""Agent 1, I'm moving to (25, 23) to help with the handover at (26, 23). Let me know when you've started it. Agent 2, I have 1 wood; let's place the table as soon as you're ready.""

    *   Action: Move East.
    *   Communication: ""Agent 1, I'm moving to (25, 23) to help with the handover at (26, 23). Let me know when you've started it. Agent 2, I have 1 wood; let's place the table as soon as you're ready.""
    *   Scratchpad: I have 1 wood. Moving to (25, 23) to assist Agent 1 with the handover tree at (26, 23). Will then coordinate with Agent 2 for the table.",Do,"*   Current Position: (25, 22)
    *   Facing: East
    *   Target: Tree at (26, 22) - Wait, the observation says ""Do target: tree (x=26, y=22)"". But the coordination list says ""tree 1 step south and 1 step east (x=26, y=23)"".
    *   Let's re-read the ""You see"" section: It doesn't explicitly list a tree at (26, 22). It lists a tree at (25, 21).
    *   Wait, the ""Do target"" is (26, 22). If I am at (25, 22) and facing East, the tile in front of me is (26, 22).
    *   Is there a tree at (26, 22)? The ""You see"" list doesn't mention it.
    *   Let's check the coordination list again: ""tree 1 step south and 1 step east (x=26, y=23)"".
    *   Okay, so the tree is at (26, 23).
    *   To target (26, 23) from (25, 22), I need to be adjacent to it and facing it.
    *   Adjacent tiles to (26, 23) are: (25, 23), (27, 23), (26, 22), (26, 24).
    *   If I move East to (26, 22), I will be adjacent to (26, 23). Then I can face South and `Do`.
    *   Wait, my last action was `Move East`, but the observation says ""Position: (x=25, y=22)"". This means the move was blocked.
    *   Why was it blocked? ""A move is blocked if the target tile is solid, including trees..."".
    *   If there is a tree at (26, 22), then `Move East` would be blocked.
    *   Let's look at the ""Do target: tree (x=26, y=22)"". This confirms there is a tree at (26, 22)!
    *   Wait, if there is a tree at (26, 22), why isn't it in the ""You see"" list?
    *   ""You see: stone 3 steps north and 1 step west (x=24, y=19), tree 1 step north (x=25, y=21), coal 2 steps south and 5 steps east (x=30, y=24), construction_site 1 step west (x=24, y=22), iron 1 step north and 5 steps east (x=30, y=21)"".
    *   It's NOT in the ""You see"" list. But the ""Do target"" says ""tree (x=26, y=22)"".
    *   This is contradictory. Let's re-examine.
    *   If I am at (25, 22) and facing East, the tile in front of me is (26, 22).
    *   If the ""Do target"" is ""tree (x=26, y=22)"", then there is a tree there.
    *   If there is a tree there, `Move East` is blocked.
    *   If I am facing East and there is a tree at (26, 22), I can just `Do` it.
    *   Wait, is the tree at (26, 22) a coordination tree?
    *   The coordination list mentions: ""tree 1 step south and 1 step east (x=26, y=23)"". It does NOT mention a tree at (26, 22).
    *   If the tree at (26, 22) is not in the coordination list, it's a normal tree.
    *   Let's try to chop the tree at (26, 22) since I'm already facing it.

    *   Wait, let me double-check the ""You see"" list again.
    *   ""You see: ... tree 1 step north (x=25, y=21) ...""
    *   It really doesn't list (26, 22).
    *   But ""Do target: tree (x=26, y=22)"".
    *   In this game, the ""Do target"" is usually the most reliable indicator of what is exactly in front of you.
    *   If the ""Do target"" says it's a tree, I'll try to `Do` it.

    *   Wait, let's look at the teammates' messages.
    *   Agent 0: ""I don't see a 3-agent tree at (25, 21) in my coordination list.""
    *   Agent 2: ""I don't see a 3-agent sync tree at (25, 21) in my coordination list.""
    *   This is strange. I see it in my coordination list: ""tree 1 step north (x=25, y=21): requires 3 agents to select Do simultaneously"".
    *   Why do they not see it? Maybe coordination hints are only visible to agents within a certain range or role? No, that shouldn't be it.
    *   Maybe they are just not looking at the coordination list carefully?
    *   Regardless, I can't do the 3-agent sync alone.

    *   Let's try to chop the tree at (26, 22).
    *   Action: `Do`
    *   Communication: ""I'm chopping a tree at (26, 22). Agent 0 and 2, let's gather wood and then meet at (24, 22) to place the table.""
    *   Scratchpad: Attempting to chop the tree at (26, 22) since I'm facing it and my move East was blocked.

    *   Wait, if I `Do` and it's a normal tree, I get wood.
    *   If it's a coordination tree and I'm the first, I start the task.
    *   Either way, `Do` is the right move.

    *   Wait, let me check the ""You see"" list one more time.
    *   (x=25, y=22) facing East.
    *   Target is (26, 22).
    *   If (26, 22) is a tree, it should be in ""You see"".
    *   If it's not in ""You see"", but ""Do target"" says it's a tree, maybe it's a bug in the observation or a specific game mechanic.
    *   I'll trust the ""Do target"".

    *   Wait, let's look at the ""You see"" list again.
    *   ""stone 3 steps north and 1 step west (x=24, y=19)""
    *   ""tree 1 step north (x=25, y=21)""
    *   ""coal 2 steps south and 5 steps east (x=30, y=24)""
    *   ""construction_site 1 step west (x=24, y=22)""
    *   ""iron 1 step north and 5 steps east (x=30, y=21)""
    *   It's definitely not there.
    *   But ""Do target: tree (x=26, y=22)"".
    *   I'll try `Do`.

    *   Wait, if I `Do` and it's not actually a tree, nothing happens.
    *   If I `Move South` to (25, 23), I'll be adjacent to the handover tree at (26, 23).
    *   Let's try `Do` first. If it fails, I'll move.

    *   Wait, I just noticed something.
    *   ""Position: (x=25, y=22)""
    *   ""Facing: east.""
    *   ""Do target: tree (x=26, y=22).""
    *   If I `Do`, I'm interacting with (26, 22).
    *   If (26, 22) is a tree, I'll get wood.

    *   Let's do it.",Move North,"*   Current Position: (21, 24)
    *   Facing: West
    *   Inventory: 1 wood
    *   Target: Tree at (21, 23)
    *   Goal: Get 2nd wood, then place table.

    *   Agent 0: Has 1 wood. Suggests getting 2 total and placing a table.
    *   Agent 1: Moving to tree at (26, 23) for a handover.

    *   I am at (21, 24).
    *   Tree is at (21, 23).
    *   I need to face North to target the tree.
    *   Action: Move North. (This will be blocked by the tree, but will set my facing to North).

    *   I'll tell Agent 0 I'm getting one more wood and then we can place the table.
    *   I'll tell Agent 1 I'll help with the handover tree after I get this wood.

    *   Action: Move North.
    *   Communication: ""Agent 0, I'm chopping the tree at (21, 23) now. I'll have 1 wood, you have 1 wood, we can place the table immediately after. Agent 1, I'll come help with the handover tree at (26, 23) once the table is placed.""
    *   Scratchpad: Position (21, 24). Facing: West. Action: Move North (blocked) to face North. Next action: Do. Inventory: 1 wood. Target: Tree (21, 23).","['Last action: Move East\nReward: +0.000\n\nStep: 6/10000 (9994 remaining, ends early if all agents die)\nPosition: (x=25, y=23)\nRole: warrior\nLocation: Overworld (surface)\nAchievements: 1/93 (39 unlock later)\n\nLevel info:\n- Light: bright (0.85)\n- Level: cleared — you can find the ladder down tile and use Descend to go deeper.\n\nYou see:\n- coal 1 step south and 5 steps east (x=30, y=24)\n- stone 4 steps east (x=29, y=23)\n- tree 1 step east (x=26, y=23)\n- construction_site 1 step north and 1 step west (x=24, y=22)\n- iron 2 steps north and 5 steps east (x=30, y=21)\n\nFacing: east.\n Do target: tree (x=26, y=23).\n\nCoordination:\n- tree 1 step east (x=26, y=23): one agent begins the task, then another completes it within 16 steps. You are on the west side, adjacent (facing target).\n- tree 2 steps north (x=25, y=21): requires 3 agents to select Do simultaneously (fails alone). You are on the south side, 2 steps away.\n- stone 4 steps north and 1 step west (x=24, y=19): works solo but grants a bonus when 2 agents select Do simultaneously. You are on the south-east side, 5 steps away.\n- stone 2 steps north and 5 steps west (x=20, y=21): works solo but grants a bonus when 3 agents select Do simultaneously. You are on the south-east side, 7 steps away.\n- stone 2 steps south and 5 steps east (x=30, y=25): one agent begins the task, then another completes it within 13 steps. You are on the north-west side, 7 steps away.\n- coal 4 steps north and 5 steps west (x=20, y=19): one agent begins the task, then another completes it within 10 steps. You are on the south-east side, 9 steps away.\n\nTeammates:\nAgent 1 (forager): 1 step north (x=25, y=22), health=9\nAgent 2 (miner): 1 step south and 4 steps west (x=21, y=24), health=9', 'Last action: Do\nReward: +1.000\nAchievements unlocked: Collect Wood\n\nStep: 6/10000 (9994 remaining, ends early if all agents die)\nPosition: (x=25, y=22)\nRole: forager\nLocation: Overworld (surface)\nAchievements: 1/93 (39 unlock later)\n\nLevel info:\n- Light: bright (0.85)\n- Level: cleared — you can find the ladder down tile and use Descend to go deeper.\n\nYou see:\n- stone 3 steps north and 1 step west (x=24, y=19)\n- tree 1 step north (x=25, y=21)\n- coal 2 steps south and 5 steps east (x=30, y=24)\n- construction_site 1 step west (x=24, y=22)\n- iron 1 step north and 5 steps east (x=30, y=21)\n\nFacing: east.\n Do target: grass (x=26, y=22).\n\nCoordination:\n- tree 1 step north (x=25, y=21): requires 3 agents to select Do simultaneously (fails alone). You are on the south side, adjacent (facing east).\n- tree 1 step south and 1 step east (x=26, y=23): one agent begins the task, then another completes it within 16 steps. You are on the north-west side, 2 steps away.\n- stone 3 steps north and 1 step west (x=24, y=19): works solo but grants a bonus when 2 agents select Do simultaneously. You are on the south-east side, 4 steps away.\n- stone 1 step north and 5 steps west (x=20, y=21): works solo but grants a bonus when 3 agents select Do simultaneously. You are on the south-east side, 6 steps away.\n- coal 3 steps north and 5 steps west (x=20, y=19): one agent begins the task, then another completes it within 10 steps. You are on the south-east side, 8 steps away.\n- stone 3 steps south and 5 steps east (x=30, y=25): one agent begins the task, then another completes it within 13 steps. You are on the north-west side, 8 steps away.\n\nTeammates:\nAgent 0 (warrior): 1 step south (x=25, y=23), health=9\nAgent 2 (miner): 2 steps south and 4 steps west (x=21, y=24), health=9', 'Last action: Move North\nReward: +0.000\n\nStep: 6/10000 (9994 remaining, ends early if all agents die)\nPosition: (x=21, y=24)\nRole: miner\nLocation: Overworld (surface)\nAchievements: 1/93 (39 unlock later)\n\nLevel info:\n- Light: bright (0.85)\n- Level: cleared — you can find the ladder down tile and use Descend to go deeper.\n\nYou see:\n- stone 1 step north and 2 steps west (x=19, y=23)\n- coal 4 steps north and 4 steps west (x=17, y=20)\n- tree 1 step north (x=21, y=23)\n- construction_site 2 steps north and 3 steps east (x=24, y=22)\n\nFacing: north.\n Do target: tree (x=21, y=23).\n\nCoordination:\n- stone 3 steps north and 1 step west (x=20, y=21): works solo but grants a bonus when 3 agents select Do simultaneously. You are on the south-east side, 4 steps away.\n- stone 1 step north and 3 steps west (x=18, y=23): requires 2 agents to select Do simultaneously (fails alone). You are on the south-east side, 4 steps away.\n- construction_site 2 steps north and 3 steps east (x=24, y=22): requires 3 agents to use a Build action simultaneously (fails alone). You are on the south-west side, 5 steps away.\n- tree 1 step north and 5 steps east (x=26, y=23): one agent begins the task, then another completes it within 16 steps. You are on the south-west side, 6 steps away.\n- construction_site 4 steps south and 2 steps east (x=23, y=28): one agent begins with a Build action, then another completes it within 14 steps. You are on the north-west side, 6 steps away.\n\nTeammates:\nAgent 0 (warrior): 1 step north and 4 steps east (x=25, y=23), health=9\nAgent 1 (forager): 2 steps north and 4 steps east (x=25, y=22), health=9']","[0.0, 1.0, 0.0]","[False, False, False]"
6,Do,"*   Position: (25, 23)
    *   Facing: East
    *   Target: Tree at (26, 23)
    *   Inventory: 1 wood
    *   Role: Warrior

    *   Agent 1 (Forager): (25, 22). Says they are chopping the tree at (26, 22) - *Wait, the observation says the tree is at (26, 23). Agent 1 might be mistaken or referring to a different tree, but the coordination list says the handover tree is at (26, 23).*
    *   Agent 2 (Miner): (21, 24). Says they are chopping the tree at (21, 23) and will have 1 wood. Suggests placing the table immediately after.

    *   Tree at (26, 23) is a handover task.
    *   I am adjacent and facing it.
    *   Agent 1 is at (25, 22), also adjacent to (26, 23) (diagonally? No, (25, 22) is north of (25, 23), and (26, 23) is east of (25, 23). So (25, 22) is north-west of (26, 23). Wait, (25, 22) is adjacent to (26, 22) and (25, 23). Is it adjacent to (26, 23)? Yes, diagonally. But the rules say ""stand on a different tile adjacent to the shared target"". Usually, this means cardinal adjacency for sync, but for handover, it just says ""one agent begins... another completes"". Let's check if Agent 1 is actually starting it).
    *   Agent 1 says ""I'm chopping the tree at (26, 22)"". There is no tree at (26, 22) in my observation. There is one at (26, 23).
    *   Agent 2 is chopping at (21, 23).

    *   If Agent 1 starts the handover at (26, 23), I can finish it.
    *   However, Agent 2 wants to place the table immediately.
    *   Agent 2 is at (21, 24). The table needs 2 wood.
    *   I have 1 wood. Agent 2 will have 1 wood.
    *   Agent 2 is the Miner (specialist for pickaxes/torches, but Table is no role restriction).
    *   To place a table, I need to face the target tile and use `Place Table`.
    *   Target for table: (24, 22) is a construction site. Wait, the rules say ""Tables and furnaces need an empty non-solid tile"". Construction sites are for Shelters, Forges, and Beacons. Tables are placed on grass/empty tiles.
    *   Agent 1 mentioned meeting at (24, 22) to place the table. (24, 22) is a construction site. You can't place a table on a construction site.

    *   I am already facing the tree at (26, 23).
    *   If Agent 1 just acted on it, I should `Do` now to complete the handover.
    *   Let's check Agent 1's message: ""I'm chopping the tree at (26, 22)"". This is a typo for (26, 23).
    *   If Agent 1 just used `Do` on (26, 23), then my `Do` will complete the handover.

    *   Agent 2 is at (21, 24).
    *   I am at (25, 23).
    *   Agent 1 is at (25, 22).
    *   If I complete the handover, I get more wood.
    *   Then we can place the table.

    *   Action: `Do` (to complete the handover at (26, 23)).
    *   Communication: ""Agent 1, I'm finishing the handover at (26, 23) now. Agent 2, once you have your wood, let's meet at a clear spot to place the table. I have 1 wood already.""
    *   Scratchpad: Attempting to complete handover at (26, 23). Inventory: 1 wood. Agent 2 is gathering wood. Plan to place table after.

    *   Wait, did Agent 1 actually start it? Agent 1 said ""I'm chopping..."". If they just did it this turn, I can finish it.
    *   If I `Do` and it's not started, I might start it myself.
    *   Let's try to complete it.

    *   Wait, Agent 2 says ""I'll have 1 wood, you have 1 wood, we can place the table immediately after.""
    *   If I `Do` now, I might get another wood, making it 3 total (Agent 2: 1, Me: 2).
    *   Let's go for the handover.

    *   Action: `Do`
    *   Communication: ""Agent 1, finishing the handover at (26, 23). Agent 2, let's coordinate the table location once you're done.""
    *   Scratchpad: Completing handover at (26, 23). Current wood: 1. Agent 2 is at (21, 24) gathering wood.

    *   Wait, looking at the observation: ""tree 1 step east (x=26, y=23)"". I am at (25, 23) facing east. `Do` targets (26, 23). Correct.",Move East,"*   Current Position: (25, 22)
    *   Facing: East
    *   Inventory: 1 wood
    *   Achievements: Collect Wood (1/93)
    *   Teammates:
        *   Agent 0 (Warrior): (25, 23) - adjacent to the handover tree at (26, 23).
        *   Agent 2 (Miner): (21, 24) - gathering wood.

    *   Agent 0 is at (25, 23).
    *   The handover tree is at (26, 23).
    *   Agent 0 is adjacent to it.
    *   Agent 0 said: ""I'm moving to (25, 23) to help with the handover at (26, 23). Let me know when you've started it.""
    *   Wait, Agent 0 is waiting for *me* to start it? Or is Agent 0 going to start it?
    *   Actually, Agent 0 is at (25, 23), facing (26, 23) if they move East or face East.
    *   I am at (25, 22). If I move South to (25, 23), I'll be on the same tile as Agent 0, which is not allowed.
    *   I can move East to (26, 22) now that the tree at (26, 22) is gone.
    *   If I move East to (26, 22), I will be adjacent to the handover tree at (26, 23).
    *   Then I can face South and `Do` to start the handover.

    *   Agent 2 is gathering wood.
    *   Agent 0 has 1 wood.
    *   Agent 2 will have 1 wood.
    *   Total = 2 wood (enough for a table).
    *   They want to place a table.
    *   Construction site is at (24, 22). I am at (25, 22).

    *   I have 1 wood.
    *   If I help with the handover tree at (26, 23), we get more wood.
    *   Agent 0 is already there.
    *   I should move to (26, 22), face South, and `Do` to start the handover.
    *   Then Agent 0 can finish it.

    *   Wait, let's check the coordination for (26, 23): ""one agent begins the task, then another completes it within 16 steps.""
    *   If I start it, Agent 0 can finish it.

    *   Step 1: Move East to (26, 22).
    *   Step 2: Face South (by moving South or just facing). Wait, I can't move South if Agent 0 is at (25, 23)? No, (26, 23) is the tree. (26, 22) is empty.
    *   If I am at (26, 22), and I want to target (26, 23), I must face South.
    *   To face South, I can try to move South. If (26, 23) is a tree, the move is blocked, but my facing becomes South.
    *   Then I `Do`.

    *   Wait, Agent 0 is at (25, 23). Agent 0 is also adjacent to (26, 23).
    *   Agent 0 could start it, and I could finish it.
    *   But Agent 0 said ""Let me know when you've started it.""

    *   Let's move East first.

    *   Wait, let's look at the map again.
    *   Me: (25, 22)
    *   Agent 0: (25, 23)
    *   Tree: (26, 23)
    *   If I move East, I go to (26, 22).
    *   From (26, 22), I face South to target (26, 23).

    *   Let's communicate this.

    *   Action: Move East
    *   Communication: ""Moving to (26, 22) to start the handover at (26, 23). Agent 0, be ready to finish it.""
    *   Scratchpad: Moving to (26, 22) to initiate the handover tree at (26, 23). Agent 0 is at (25, 23) and ready to complete it.

    *   Wait, let me check if (26, 22) is actually empty now.
    *   Last action: `Do` on (26, 22).
    *   Reward: +1.000.
    *   ""Do target: grass (x=26, y=22)"".
    *   Yes, it's now grass. I can move there.

    *   Wait, I should also mention the table.
    *   Agent 2 and 0 are planning the table. I have 1 wood too.
    *   If we get the handover tree, we'll have plenty of wood.

    *   Let's go.",Do,"*   Position: (21, 24)
    *   Facing: North
    *   Target: Tree at (21, 23)
    *   Inventory: 1 wood
    *   Role: Miner
    *   Goal: Gather wood, place table.

    *   Agent 0 (Warrior): At (25, 23), has 1 wood. Moving to help Agent 1 with handover at (26, 23).
    *   Agent 1 (Forager): At (25, 22), chopping tree at (26, 22) [Wait, observation says tree is at (26, 23), Agent 1 says (26, 22). Let's check coordination: ""tree 1 step north and 5 steps east (x=26, y=23)"". Agent 1 is likely at (25, 22) facing (26, 22) or (26, 23). Coordination says (26, 23)].

    *   I am facing the tree at (21, 23).
    *   I need to use `Do` to collect wood.
    *   After this, I will have 2 wood (or 1 if I already had 1, wait, inventory says 1 wood).
    *   Agent 0 has 1 wood.
    *   Total wood between us: 2.
    *   Table cost: 2 wood.

    *   Action: `Do` (to chop tree at 21, 23).
    *   Communication: ""Chopping tree at (21, 23) now. Agent 0, once I'm done, let's meet at (24, 22) to place the table. I'll have 1 wood, you have 1 wood.""
    *   Scratchpad: Position (21, 24), facing North. Target: Tree (21, 23). Inventory: 1 wood. Plan: Chop tree -> meet Agent 0 at (24, 22) -> place table.

    *   Wait, Agent 1 said ""let's gather wood and then meet at (24, 22) to place the table.""
    *   Agent 0 is at (25, 23).
    *   I am at (21, 24).
    *   Tree is at (21, 23).
    *   I will `Do` now.","['Last action: Do\nReward: +0.000\n\nStep: 7/10000 (9993 remaining, ends early if all agents die)\nPosition: (x=25, y=23)\nRole: warrior\nLocation: Overworld (surface)\nAchievements: 1/93 (39 unlock later)\n\nLevel info:\n- Light: bright (0.85)\n- Level: cleared — you can find the ladder down tile and use Descend to go deeper.\n\nYou see:\n- coal 1 step south and 5 steps east (x=30, y=24)\n- stone 4 steps east (x=29, y=23)\n- tree 1 step east (x=26, y=23)\n- construction_site 1 step north and 1 step west (x=24, y=22)\n- iron 2 steps north and 5 steps east (x=30, y=21)\n\nFacing: east.\n Do target: tree (x=26, y=23).\n\nCoordination:\n- tree 1 step east (x=26, y=23): one agent begins the task, then another completes it within 16 steps. You are on the west side, adjacent (facing target).\n- tree 2 steps north (x=25, y=21): requires 3 agents to select Do simultaneously (fails alone). You are on the south side, 2 steps away.\n- stone 4 steps north and 1 step west (x=24, y=19): works solo but grants a bonus when 2 agents select Do simultaneously. You are on the south-east side, 5 steps away.\n- stone 2 steps north and 5 steps west (x=20, y=21): works solo but grants a bonus when 3 agents select Do simultaneously. You are on the south-east side, 7 steps away.\n- stone 2 steps south and 5 steps east (x=30, y=25): one agent begins the task, then another completes it within 13 steps. You are on the north-west side, 7 steps away.\n- coal 4 steps north and 5 steps west (x=20, y=19): one agent begins the task, then another completes it within 10 steps. You are on the south-east side, 9 steps away.\n- Active handover 1 step east (x=26, y=23): a teammate started this — go complete it within 16 steps!\n\nTeammates:\nAgent 1 (forager): 1 step north and 1 step east (x=26, y=22), health=9\nAgent 2 (miner): 1 step south and 4 steps west (x=21, y=24), health=9', 'Last action: Move East\nReward: +0.000\n\nStep: 7/10000 (9993 remaining, ends early if all agents die)\nPosition: (x=26, y=22)\nRole: forager\nLocation: Overworld (surface)\nAchievements: 1/93 (39 unlock later)\n\nLevel info:\n- Light: bright (0.85)\n- Level: cleared — you can find the ladder down tile and use Descend to go deeper.\n\nYou see:\n- stone 3 steps east (x=29, y=22)\n- tree 1 step south (x=26, y=23)\n- construction_site 2 steps west (x=24, y=22)\n- iron 1 step north and 4 steps east (x=30, y=21)\n- coal 2 steps south and 4 steps east (x=30, y=24)\n\nFacing: east.\n Do target: grass (x=27, y=22).\n\nCoordination:\n- tree 1 step south (x=26, y=23): one agent begins the task, then another completes it within 16 steps. You are on the north side, adjacent (facing east).\n- tree 1 step north and 1 step west (x=25, y=21): requires 3 agents to select Do simultaneously (fails alone). You are on the south-east side, 2 steps away.\n- construction_site 1 step north and 3 steps east (x=29, y=21): works solo but grants a bonus when 2 agents use a Build action simultaneously. You are on the south-west side, 4 steps away.\n- stone 5 steps east (x=31, y=22): one agent begins the task, then another completes it within 14 steps. You are on the west side, 5 steps away.\n- tree 4 steps north and 3 steps east (x=29, y=18): works solo but grants a bonus when 3 agents select Do simultaneously. You are on the south-west side, 7 steps away.\n- stone 3 steps south and 4 steps east (x=30, y=25): one agent begins the task, then another completes it within 13 steps. You are on the north-west side, 7 steps away.\n- Active handover 1 step south (x=26, y=23): a teammate started this — go complete it within 16 steps!\n\nTeammates:\nAgent 0 (warrior): 1 step south and 1 step west (x=25, y=23), health=9\nAgent 2 (miner): 2 steps south and 5 steps west (x=21, y=24), health=9', 'Last action: Do\nReward: +0.000\n\nStep: 7/10000 (9993 remaining, ends early if all agents die)\nPosition: (x=21, y=24)\nRole: miner\nLocation: Overworld (surface)\nAchievements: 1/93 (39 unlock later)\n\nLevel info:\n- Light: bright (0.85)\n- Level: cleared — you can find the ladder down tile and use Descend to go deeper.\n\nYou see:\n- stone 1 step north and 2 steps west (x=19, y=23)\n- coal 4 steps north and 4 steps west (x=17, y=20)\n- tree 1 step west (x=20, y=24)\n- construction_site 2 steps north and 3 steps east (x=24, y=22)\n\nFacing: north.\n Do target: grass (x=21, y=23).\n\nCoordination:\n- stone 3 steps north and 1 step west (x=20, y=21): works solo but grants a bonus when 3 agents select Do simultaneously. You are on the south-east side, 4 steps away.\n- stone 1 step north and 3 steps west (x=18, y=23): requires 2 agents to select Do simultaneously (fails alone). You are on the south-east side, 4 steps away.\n- construction_site 2 steps north and 3 steps east (x=24, y=22): requires 3 agents to use a Build action simultaneously (fails alone). You are on the south-west side, 5 steps away.\n- tree 1 step north and 5 steps east (x=26, y=23): one agent begins the task, then another completes it within 16 steps. You are on the south-west side, 6 steps away.\n- construction_site 4 steps south and 2 steps east (x=23, y=28): one agent begins with a Build action, then another completes it within 14 steps. You are on the north-west side, 6 steps away.\n- Active handover 1 step north and 5 steps east (x=26, y=23): a teammate started this — go complete it within 16 steps!\n\nTeammates:\nAgent 0 (warrior): 1 step north and 4 steps east (x=25, y=23), health=9\nAgent 1 (forager): 2 steps north and 5 steps east (x=26, y=22), health=9']","[0.0, 0.0, 0.0]","[False, False, False]"
7,Do,"*   Current Position: (25, 23)
    *   Facing: East
    *   Target: Tree at (26, 23)
    *   Inventory: 1 wood
    *   Observation: ""Active handover 1 step east (x=26, y=23): a teammate started this — go complete it within 16 steps!""
    *   Agent 1 (Forager): (26, 22)
    *   Agent 2 (Miner): (21, 24)

    *   The handover at (26, 23) is now active.
    *   I am adjacent and facing it.
    *   I should use `Do` to complete the handover and get wood.

    *   Agent 1 started the handover.
    *   Agent 2 is gathering wood at (21, 23).
    *   Goal: Get enough wood for a table (2 wood).
    *   I have 1 wood. Completing the handover should give me more.
    *   Agent 2 will have 1 wood.
    *   Total wood will be at least 3.

    *   Action: `Do`
    *   Communication: ""Completing the handover at (26, 23) now! Agent 2, let me know when you have your wood and where we should place the table.""
    *   Scratchpad: Completing handover at (26, 23). Inventory: 1 wood. Agent 2 is at (21, 24). Plan: Place table once Agent 2 is ready.",Move South,"*   Current Position: (26, 22)
    *   Facing: East
    *   Target Tree: (26, 23) (1 step South)
    *   Coordination: ""Active handover 1 step south (x=26, y=23): a teammate started this — go complete it within 16 steps!""
    *   Agent 0 is at (25, 23).
    *   Agent 0's communication: ""Agent 1, finishing the handover at (26, 23).""
    *   Wait, Agent 0 says they are *finishing* it, but the observation says ""a teammate started this — go complete it"".
    *   If Agent 0 started it, I need to complete it.
    *   If Agent 0 is finishing it, they might have already acted.
    *   Let's look at the observation again: ""Active handover 1 step south (x=26, y=23): a teammate started this — go complete it within 16 steps!""
    *   This means the handover is currently active and needs to be completed.
    *   I am adjacent to (26, 23) at (26, 22).
    *   To complete it, I must face South and use `Do`.
    *   Current facing: East.
    *   To face South: Move South. (26, 23) is a tree, so the move will be blocked, but my facing will change to South.
    *   Then I can `Do` on the next turn.
    *   Wait, can I just `Do`? No, `Do` targets the tile in the current facing direction. Facing East targets (27, 22).
    *   So I must change facing to South.

    *   Action: Move South (to face South).
    *   Communication: ""Facing south to complete the handover at (26, 23).""
    *   Scratchpad: I need to complete the handover at (26, 23). I am at (26, 22) facing East. I will move South to change my facing to South, then use Do on the next turn.

    *   Wait, let me check if Agent 0 is already doing it. Agent 0 said ""finishing the handover"". If Agent 0 is at (25, 23), they are also adjacent to (26, 23). If they use `Do` this turn, they might finish it.
    *   However, the observation says ""a teammate started this — go complete it"". This is a direct instruction to me (or any agent).
    *   If Agent 0 is already finishing it, my attempt to finish it might be redundant or fail, but it's the most logical action for me to take to help.

    *   Let's double check the facing.
    *   Position: (26, 22)
    *   Facing: East
    *   Target: (26, 23)
    *   Move South -> Facing becomes South.
    *   Next turn -> Do.

    *   Wait, is there a faster way? No, movement is the only way to change facing.

    *   Let's refine the communication.
    *   ""Completing the handover at (26, 23) now.""

    *   Wait, if Agent 0 is already finishing it, maybe I should just move towards the table site (24, 22)?
    *   No, the handover is a priority for resources and achievements.

    *   Let's go with Move South.",Move East,"*   Position: (21, 24)
    *   Facing: North
    *   Inventory: 2 wood
    *   Role: Miner
    *   Goal: Place Table (requires 2 wood).

    *   Agent 0 (Warrior): At (25, 23), finishing handover at (26, 23).
    *   Agent 1 (Forager): At (26, 22), started handover at (26, 23).

    *   I have 2 wood. I can place a table now.
    *   Table cost: 2 wood.
    *   Table placement: ""Tables and furnaces need an empty non-solid tile that is not water or lava"".
    *   Agent 1 suggested meeting at (24, 22) to place the table.
    *   (24, 22) is a `construction_site`. Wait, the rules say ""Tables and furnaces need an empty non-solid tile"". Construction sites are for Shelters, Forges, and Beacons.
    *   I should place the table on a grass tile.
    *   Let's check the coordinates. I am at (21, 24). (24, 22) is a construction site.
    *   I'll move towards (24, 22) or a nearby grass tile.
    *   Wait, I have 2 wood. I can place the table myself.
    *   Let's move towards the center where the others are.

    *   Current position: (21, 24)
    *   Target: (24, 22) area.
    *   Move East to (22, 24).

    *   ""I have 2 wood. I'm moving to (24, 22) to place the table on a nearby grass tile.""

    *   Inventory: 2 wood.
    *   Position: (21, 24).
    *   Facing: North.
    *   Plan: Move to (24, 22) area -> Place Table.","['Last action: Do\nReward: +0.000\n\nStep: 8/10000 (9992 remaining, ends early if all agents die)\nPosition: (x=25, y=23)\nRole: warrior\nLocation: Overworld (surface)\nAchievements: 1/93 (39 unlock later)\n\nLevel info:\n- Light: bright (0.86)\n- Level: cleared — you can find the ladder down tile and use Descend to go deeper.\n\nYou see:\n- coal 1 step south and 5 steps east (x=30, y=24)\n- stone 4 steps east (x=29, y=23)\n- tree 1 step east (x=26, y=23)\n- construction_site 1 step north and 1 step west (x=24, y=22)\n- iron 2 steps north and 5 steps east (x=30, y=21)\n\nFacing: east.\n Do target: tree (x=26, y=23).\n\nCoordination:\n- tree 1 step east (x=26, y=23): one agent begins the task, then another completes it within 16 steps. You are on the west side, adjacent (facing target).\n- tree 2 steps north (x=25, y=21): requires 3 agents to select Do simultaneously (fails alone). You are on the south side, 2 steps away.\n- stone 4 steps north and 1 step west (x=24, y=19): works solo but grants a bonus when 2 agents select Do simultaneously. You are on the south-east side, 5 steps away.\n- stone 2 steps north and 5 steps west (x=20, y=21): works solo but grants a bonus when 3 agents select Do simultaneously. You are on the south-east side, 7 steps away.\n- stone 2 steps south and 5 steps east (x=30, y=25): one agent begins the task, then another completes it within 13 steps. You are on the north-west side, 7 steps away.\n- coal 4 steps north and 5 steps west (x=20, y=19): one agent begins the task, then another completes it within 10 steps. You are on the south-east side, 9 steps away.\n- Active handover 1 step east (x=26, y=23): a teammate started this — go complete it within 15 steps!\n\nTeammates:\nAgent 1 (forager): 1 step north and 1 step east (x=26, y=22), health=9\nAgent 2 (miner): 1 step south and 3 steps west (x=22, y=24), health=9', 'Last action: Move South\nReward: +0.000\n\nStep: 8/10000 (9992 remaining, ends early if all agents die)\nPosition: (x=26, y=22)\nRole: forager\nLocation: Overworld (surface)\nAchievements: 1/93 (39 unlock later)\n\nLevel info:\n- Light: bright (0.86)\n- Level: cleared — you can find the ladder down tile and use Descend to go deeper.\n\nYou see:\n- stone 3 steps east (x=29, y=22)\n- tree 1 step south (x=26, y=23)\n- construction_site 2 steps west (x=24, y=22)\n- iron 1 step north and 4 steps east (x=30, y=21)\n- coal 2 steps south and 4 steps east (x=30, y=24)\n\nFacing: south.\n Do target: tree (x=26, y=23).\n\nCoordination:\n- tree 1 step south (x=26, y=23): one agent begins the task, then another completes it within 16 steps. You are on the north side, adjacent (facing target).\n- tree 1 step north and 1 step west (x=25, y=21): requires 3 agents to select Do simultaneously (fails alone). You are on the south-east side, 2 steps away.\n- construction_site 1 step north and 3 steps east (x=29, y=21): works solo but grants a bonus when 2 agents use a Build action simultaneously. You are on the south-west side, 4 steps away.\n- stone 5 steps east (x=31, y=22): one agent begins the task, then another completes it within 14 steps. You are on the west side, 5 steps away.\n- tree 4 steps north and 3 steps east (x=29, y=18): works solo but grants a bonus when 3 agents select Do simultaneously. You are on the south-west side, 7 steps away.\n- stone 3 steps south and 4 steps east (x=30, y=25): one agent begins the task, then another completes it within 13 steps. You are on the north-west side, 7 steps away.\n- Active handover 1 step south (x=26, y=23): a teammate started this — go complete it within 15 steps!\n\nTeammates:\nAgent 0 (warrior): 1 step south and 1 step west (x=25, y=23), health=9\nAgent 2 (miner): 2 steps south and 4 steps west (x=22, y=24), health=9', 'Last action: Move East\nReward: +0.000\n\nStep: 8/10000 (9992 remaining, ends early if all agents die)\nPosition: (x=22, y=24)\nRole: miner\nLocation: Overworld (surface)\nAchievements: 1/93 (39 unlock later)\n\nLevel info:\n- Light: bright (0.86)\n- Level: cleared — you can find the ladder down tile and use Descend to go deeper.\n\nYou see:\n- coal 4 steps north and 5 steps west (x=17, y=20)\n- stone 4 steps north (x=22, y=20)\n- tree 2 steps west (x=20, y=24)\n- construction_site 2 steps north and 2 steps east (x=24, y=22)\n\nFacing: east.\n Do target: grass (x=23, y=24).\n\nCoordination:\n- construction_site 2 steps north and 2 steps east (x=24, y=22): requires 3 agents to use a Build action simultaneously (fails alone). You are on the south-west side, 4 steps away.\n- stone 3 steps north and 2 steps west (x=20, y=21): works solo but grants a bonus when 3 agents select Do simultaneously. You are on the south-east side, 5 steps away.\n- stone 1 step north and 4 steps west (x=18, y=23): requires 2 agents to select Do simultaneously (fails alone). You are on the south-east side, 5 steps away.\n- tree 1 step north and 4 steps east (x=26, y=23): one agent begins the task, then another completes it within 16 steps. You are on the south-west side, 5 steps away.\n- construction_site 4 steps south and 1 step east (x=23, y=28): one agent begins with a Build action, then another completes it within 14 steps. You are on the north-west side, 5 steps away.\n- Active handover 1 step north and 4 steps east (x=26, y=23): a teammate started this — go complete it within 15 steps!\n\nTeammates:\nAgent 0 (warrior): 1 step north and 3 steps east (x=25, y=23), health=9\nAgent 1 (forager): 2 steps north and 4 steps east (x=26, y=22), health=9']","[0.0, 0.0, 0.0]","[False, False, False]"
8,Do,"*   Position: (25, 23)
    *   Facing: East
    *   Target: Tree at (26, 23)
    *   Inventory: 1 wood
    *   Active Handover: Tree at (26, 23) (15 steps remaining).
    *   Agent 1: (26, 22), facing south (towards the tree).
    *   Agent 2: (22, 24), has 2 wood, moving to (24, 22) to place the table.

    *   I tried to `Do` the tree at (26, 23) in the previous turn, but the reward was +0.000 and the handover is still active (15 steps left).
    *   Wait, looking at the previous turn's observation: ""Active handover 1 step east (x=26, y=23): a teammate started this — go complete it within 16 steps!"".
    *   Now it says: ""Active handover 1 step east (x=26, y=23): a teammate started this — go complete it within 15 steps!"".
    *   Why did the `Do` action fail to complete it?
    *   Handover rule: ""one agent starts the task with Do (pays the resources required), and another agent finishes it with Do within a small time window"".
    *   Agent 1 is at (26, 22) facing south. The tree is at (26, 23). Agent 1 is adjacent and facing it.
    *   I am at (25, 23) facing east. The tree is at (26, 23). I am adjacent and facing it.
    *   Maybe Agent 1 is still ""starting"" it? Or maybe I need to wait for Agent 1 to finish their turn?
    *   Actually, Agent 1's communication says: ""Facing south to complete the handover at (26, 23)."" This implies Agent 1 is the one who *started* it and is now waiting for me, or Agent 1 is trying to finish it? No, Agent 1 is the forager, they likely started it.
    *   Wait, if Agent 1 is facing south and I am facing east, we are both targeting (26, 23).
    *   Let's try `Do` again. If it fails again, I might need to move. But I am already adjacent and facing.

    *   Agent 2 has 2 wood and is moving to (24, 22) to place the table.
    *   I have 1 wood.
    *   If I complete the handover, I'll have more wood.
    *   The table requires 2 wood. Agent 2 already has 2 wood.

    *   Action: `Do` (Try to complete the handover again).
    *   Communication: ""Trying to complete the handover at (26, 23) again. Agent 2, go ahead and place the table at (24, 22) since you have the wood!""
    *   Scratchpad: Attempting to finish handover at (26, 23). Agent 2 is placing the table at (24, 22).

    *   Wait, if Agent 2 is placing the table, I should probably move towards (24, 22) to be ready for the next steps (crafting).
    *   But completing the handover gives an achievement and resources.
    *   Let's try `Do` one more time. If it doesn't work, I'll move.

    *   Wait, looking at the observation again: ""Active handover 1 step east (x=26, y=23): a teammate started this — go complete it within 15 steps!"".
    *   If I just did `Do` and it didn't work, maybe I'm not the ""another agent""? No, I am a different agent.
    *   Maybe the handover requires the *starter* to stop acting?
    *   Let's try `Do` again.

    *   Wait, Agent 2 says ""I have 2 wood. I'm moving to (24, 22) to place the table"".
    *   If Agent 2 places the table, I can then craft.
    *   I'll try `Do` once more to get the wood/achievement.

    *   Action: `Do`
    *   Communication: ""Completing handover at (26, 23). Agent 2, place the table at (24, 22)!""
    *   Scratchpad: Trying to finish handover at (26, 23). Agent 2 is placing the table.",Do,"*   Current Position: (26, 22)
    *   Facing: South
    *   Target: Tree at (26, 23)
    *   Coordination: Active handover at (26, 23) (15 steps remaining).
    *   Agent 0 (Warrior) is at (25, 23) and said ""Completing the handover at (26, 23) now!"".
    *   Agent 2 (Miner) is at (22, 24) and has 2 wood, moving to (24, 22) to place the table.
    *   My inventory: 1 wood.

    *   The handover is active. Agent 0 says they are completing it *now*.
    *   If Agent 0 completes it this turn, the handover ends.
    *   If I also use `Do` this turn, we both act on it.
    *   Since I am already facing South and adjacent to the tree, the most productive action is to use `Do` to ensure the handover is completed and to gather more wood.

    *   Action: `Do`
    *   Communication: ""Completing the handover at (26, 23) with you, Agent 0!""
    *   Scratchpad: I've changed my facing to South and am now using `Do` to complete the handover at (26, 23). Agent 2 is heading to (24, 22) to place the table. I will join them after this.",Move East,"*   Position: (22, 24)
    *   Facing: East
    *   Inventory: 2 wood
    *   Role: Miner
    *   Goal: Place Table (requires 2 wood).
    *   Teammates: Agent 0 (Warrior) at (25, 23), Agent 1 (Forager) at (26, 22).
    *   Target Area: (24, 22) area.

    *   I have 2 wood.
    *   I need to place a table on a non-solid tile (grass).
    *   I am currently at (22, 24).
    *   The target area (24, 22) is 2 steps North and 2 steps East.
    *   Current facing is East.
    *   If I move East, I'll be at (23, 24).
    *   If I move North, I'll be at (22, 23).

    *   Agent 0 and 1 are coordinating a handover at (26, 23).
    *   Agent 0 said: ""let me know when you have your wood and where we should place the table.""
    *   I have the wood.

    *   Move East to (23, 24).
    *   Then move North to (23, 23).
    *   Then move North to (23, 22).
    *   Then move East to (24, 22) - wait, (24, 22) is a construction site. I should place the table on a grass tile *next* to the construction site or in a central location.
    *   Let's aim for (23, 22) or (24, 23) as a table location.

    *   Action: Move East.
    *   Communication: ""I have 2 wood. Moving to (24, 22) area to place the table on a grass tile.""
    *   Scratchpad: Position (22, 24), facing East. Inventory: 2 wood. Moving towards (24, 22) to place table.

    *   Wait, I can just move East now.
    *   Current: (22, 24). Move East -> (23, 24).
    *   Next: Move North -> (23, 23).
    *   Next: Move North -> (23, 22).
    *   Then Place Table.

    *   Wait, let's check if I can place it now. I'm facing East. The tile in front of me is (23, 24). That's grass.
    *   Can I place the table at (23, 24)? Yes.
    *   Is (23, 24) a good spot? It's between me and the others.
    *   Let's move a bit closer to the construction site (24, 22) first, as that's where the team is congregating.

    *   Action: Move East.
    *   Communication: ""I have 2 wood. Moving to (24, 22) area to place the table.""
    *   Scratchpad: Position (22, 24), facing East. Inventory: 2 wood. Moving to (24, 22) area.","['Last action: Do\nReward: +0.000\n\nStep: 9/10000 (9991 remaining, ends early if all agents die)\nPosition: (x=25, y=23)\nRole: warrior\nLocation: Overworld (surface)\nAchievements: 1/93 (39 unlock later)\n\nLevel info:\n- Light: bright (0.87)\n- Level: cleared — you can find the ladder down tile and use Descend to go deeper.\n\nYou see:\n- coal 1 step south and 5 steps east (x=30, y=24)\n- stone 4 steps east (x=29, y=23)\n- tree 2 steps north (x=25, y=21)\n- construction_site 1 step north and 1 step west (x=24, y=22)\n- iron 2 steps north and 5 steps east (x=30, y=21)\n\nFacing: east.\n Do target: grass (x=26, y=23).\n\nCoordination:\n- tree 2 steps north (x=25, y=21): requires 3 agents to select Do simultaneously (fails alone). You are on the south side, 2 steps away.\n- stone 4 steps north and 1 step west (x=24, y=19): works solo but grants a bonus when 2 agents select Do simultaneously. You are on the south-east side, 5 steps away.\n- stone 5 steps east (x=30, y=23): one agent begins the task, then another completes it within 16 steps. You are on the west side, 5 steps away.\n- stone 2 steps north and 5 steps west (x=20, y=21): works solo but grants a bonus when 3 agents select Do simultaneously. You are on the south-east side, 7 steps away.\n- stone 2 steps south and 5 steps east (x=30, y=25): one agent begins the task, then another completes it within 13 steps. You are on the north-west side, 7 steps away.\n- coal 4 steps north and 5 steps west (x=20, y=19): one agent begins the task, then another completes it within 10 steps. You are on the south-east side, 9 steps away.\n- Active handover 1 step east (x=26, y=23): a teammate started this — go complete it within 16 steps!\n\nTeammates:\nAgent 1 (forager): 1 step north and 1 step east (x=26, y=22), health=9\nAgent 2 (miner): 1 step south and 2 steps west (x=23, y=24), health=9', 'Last action: Do\nReward: +10.000\nAchievements unlocked: Coord Mine Coal Soft, Coord Mine Coal Hard\n\nStep: 9/10000 (9991 remaining, ends early if all agents die)\nPosition: (x=26, y=22)\nRole: forager\nLocation: Overworld (surface)\nAchievements: 3/93 (39 unlock later)\n\nLevel info:\n- Light: bright (0.87)\n- Level: cleared — you can find the ladder down tile and use Descend to go deeper.\n\nYou see:\n- stone 3 steps east (x=29, y=22)\n- tree 1 step north and 1 step west (x=25, y=21)\n- construction_site 2 steps west (x=24, y=22)\n- iron 1 step north and 4 steps east (x=30, y=21)\n- coal 2 steps south and 4 steps east (x=30, y=24)\n\nFacing: south.\n Do target: grass (x=26, y=23).\n\nCoordination:\n- tree 1 step north and 1 step west (x=25, y=21): requires 3 agents to select Do simultaneously (fails alone). You are on the south-east side, 2 steps away.\n- construction_site 1 step north and 3 steps east (x=29, y=21): works solo but grants a bonus when 2 agents use a Build action simultaneously. You are on the south-west side, 4 steps away.\n- stone 5 steps east (x=31, y=22): one agent begins the task, then another completes it within 14 steps. You are on the west side, 5 steps away.\n- stone 1 step south and 4 steps east (x=30, y=23): one agent begins the task, then another completes it within 16 steps. You are on the north-west side, 5 steps away.\n- tree 4 steps north and 3 steps east (x=29, y=18): works solo but grants a bonus when 3 agents select Do simultaneously. You are on the south-west side, 7 steps away.\n- stone 3 steps south and 4 steps east (x=30, y=25): one agent begins the task, then another completes it within 13 steps. You are on the north-west side, 7 steps away.\n- Active handover 1 step south (x=26, y=23): a teammate started this — go complete it within 16 steps!\n\nTeammates:\nAgent 0 (warrior): 1 step south and 1 step west (x=25, y=23), health=9\nAgent 2 (miner): 2 steps south and 3 steps west (x=23, y=24), health=9', 'Last action: Move East\nReward: +0.000\n\nStep: 9/10000 (9991 remaining, ends early if all agents die)\nPosition: (x=23, y=24)\nRole: miner\nLocation: Overworld (surface)\nAchievements: 1/93 (39 unlock later)\n\nLevel info:\n- Light: bright (0.87)\n- Level: cleared — you can find the ladder down tile and use Descend to go deeper.\n\nYou see:\n- stone 4 steps north and 1 step west (x=22, y=20)\n- tree 3 steps west (x=20, y=24)\n- construction_site 2 steps north and 1 step east (x=24, y=22)\n\nFacing: east.\n Do target: grass (x=24, y=24).\n\nCoordination:\n- construction_site 2 steps north and 1 step east (x=24, y=22): requires 3 agents to use a Build action simultaneously (fails alone). You are on the south-west side, 3 steps away.\n- construction_site 4 steps south (x=23, y=28): one agent begins with a Build action, then another completes it within 14 steps. You are on the north side, 4 steps away.\n- stone 3 steps north and 3 steps west (x=20, y=21): works solo but grants a bonus when 3 agents select Do simultaneously. You are on the south-east side, 6 steps away.\n- stone 1 step north and 5 steps west (x=18, y=23): requires 2 agents to select Do simultaneously (fails alone). You are on the south-east side, 6 steps away.\n- Active handover 1 step north and 3 steps east (x=26, y=23): a teammate started this — go complete it within 16 steps!\n\nTeammates:\nAgent 0 (warrior): 1 step north and 2 steps east (x=25, y=23), health=9\nAgent 1 (forager): 2 steps north and 3 steps east (x=26, y=22), health=9']","[0.0, 10.0, 0.0]","[False, False, False]"
